date,rr
2035-02-28 19:50:05+00:00,527
2035-02-28 19:50:06+00:00,1054
2035-02-28 19:50:07+00:00,576
2035-02-28 19:50:10+00:00,559
2035-02-28 19:51:11+00:00,532
2035-02-28 19:51:12+00:00,651
2035-02-28 19:51:12.001000+00:00,526
2035-02-28 19:51:13+00:00,534
2035-02-28 19:51:13.001000+00:00,524
2035-02-28 19:51:14+00:00,538
2035-02-28 19:51:14.001000+00:00,517
2035-02-28 19:51:15+00:00,547
2035-02-28 19:51:16+00:00,1051
2035-02-28 19:51:17+00:00,534
2035-02-28 19:51:17.001000+00:00,520
2035-02-28 19:51:18+00:00,532
2035-02-28 19:51:20+00:00,534
2035-02-28 19:51:22+00:00,529
2035-02-28 19:51:22.001000+00:00,526
2035-02-28 19:51:23+00:00,529
2035-02-28 19:51:23.001000+00:00,529
2035-02-28 19:51:25+00:00,520
2035-02-28 19:51:27.001000+00:00,545
2035-02-28 19:51:27.002000+00:00,533
2035-02-28 19:51:31+00:00,1240
2035-02-28 19:51:31.001000+00:00,540
2035-02-28 19:51:32+00:00,1439
2035-02-28 19:52:21+00:00,784
2035-02-28 19:52:22+00:00,1065
2035-02-28 19:52:30+00:00,545
2035-02-28 19:52:31+00:00,695
2035-02-28 19:52:47+00:00,1633
2035-02-28 19:52:49+00:00,1721
2035-02-28 19:53:02+00:00,1421
2035-02-28 19:53:08+00:00,814
2035-02-28 19:53:16.001000+00:00,1384
2035-02-28 19:53:25+00:00,1050
2035-02-28 19:54:12+00:00,642
2035-02-28 19:55:13+00:00,671
2035-02-28 19:55:14+00:00,674
2035-02-28 19:55:15.002000+00:00,1311
2035-02-28 19:55:16.001000+00:00,644
2035-02-28 19:55:16.002000+00:00,690
2035-02-28 19:55:17+00:00,750
2035-02-28 19:55:18+00:00,739
2035-02-28 19:55:47+00:00,716
2035-02-28 19:56:11+00:00,692
2035-02-28 19:56:12+00:00,619
2035-02-28 19:56:20+00:00,626
2035-02-28 19:56:27+00:00,532
2035-02-28 19:56:29+00:00,1136
2035-02-28 19:56:31+00:00,505
2035-02-28 19:56:31.001000+00:00,531
2035-02-28 19:56:32+00:00,605
2035-02-28 19:56:40+00:00,526
2035-02-28 19:56:41+00:00,1038
2035-02-28 19:56:46+00:00,518
2035-02-28 19:56:47+00:00,1218
2035-02-28 19:56:49.002000+00:00,919
2035-02-28 19:56:56+00:00,513
2035-02-28 19:56:58+00:00,799
2035-02-28 19:56:58.001000+00:00,502
2035-02-28 19:57:04+00:00,528
2035-02-28 19:57:06.001000+00:00,1227
2035-02-28 19:57:07+00:00,608
2035-02-28 19:57:08+00:00,541
2035-02-28 19:57:18+00:00,524
2035-02-28 19:57:19+00:00,561
2035-02-28 19:57:38+00:00,518
2035-02-28 19:57:38.001000+00:00,518
2035-02-28 19:57:39.001000+00:00,549
2035-02-28 19:57:39.002000+00:00,515
2035-02-28 19:57:41+00:00,1393
2035-02-28 19:57:41.001000+00:00,508
2035-02-28 19:57:42+00:00,859
2035-02-28 19:57:46+00:00,558
2035-02-28 19:57:47+00:00,613
2035-02-28 19:57:48+00:00,619
2035-02-28 19:57:52+00:00,603
2035-02-28 19:57:54.001000+00:00,585
2035-02-28 19:57:59+00:00,604
2035-02-28 19:58:02+00:00,536
2035-02-28 19:58:22+00:00,549
2035-02-28 19:58:23+00:00,541
2035-02-28 19:58:27.002000+00:00,1131
2035-02-28 19:58:28+00:00,1576
2035-02-28 19:58:33+00:00,1797
2035-02-28 19:58:35+00:00,1177
2035-02-28 19:58:36+00:00,1040
2035-02-28 19:58:51+00:00,524
2035-02-28 19:58:59+00:00,506
2035-02-28 19:59:00+00:00,1073
2035-02-28 19:59:02+00:00,1164
2035-02-28 19:59:03+00:00,528
2035-02-28 19:59:22+00:00,532
2035-02-28 19:59:24+00:00,790
2035-02-28 19:59:26+00:00,1725
2035-02-28 19:59:27+00:00,1670
2035-02-28 19:59:30+00:00,526
2035-02-28 19:59:32+00:00,526
2035-02-28 19:59:36+00:00,507
2035-02-28 19:59:37+00:00,573
2035-02-28 19:59:50.001000+00:00,529
2035-02-28 19:59:57+00:00,713
2035-02-28 19:59:57.001000+00:00,507
2035-02-28 20:00:02+00:00,1430
2035-02-28 20:00:06+00:00,604
2035-02-28 20:00:08+00:00,1456
2035-02-28 20:00:15+00:00,1654
2035-02-28 20:00:17+00:00,1082
2035-02-28 20:00:19+00:00,866
2035-02-28 20:00:25+00:00,1335
2035-02-28 20:00:31+00:00,1525
2035-02-28 20:00:34+00:00,901
2035-02-28 20:00:35+00:00,571
2035-02-28 20:00:36+00:00,813
2035-02-28 20:00:47+00:00,1338
2035-02-28 20:00:50+00:00,705
2035-02-28 20:00:52+00:00,523
2035-02-28 20:00:55+00:00,536
2035-02-28 20:00:56+00:00,1134
2035-02-28 20:00:57+00:00,507
2035-02-28 20:01:03+00:00,546
2035-02-28 20:01:04+00:00,622
2035-02-28 20:01:09+00:00,555
2035-02-28 20:01:13+00:00,522
2035-02-28 20:01:14+00:00,502
2035-02-28 20:01:15+00:00,983
2035-02-28 20:01:17+00:00,517
2035-02-28 20:01:18+00:00,1422
2035-02-28 20:01:18.001000+00:00,501
2035-02-28 20:01:28+00:00,1508
2035-02-28 20:01:36+00:00,538
2035-02-28 20:01:41+00:00,534
2035-02-28 20:01:52+00:00,604
2035-02-28 20:01:55+00:00,531
2035-02-28 20:01:57+00:00,1426
2035-02-28 20:02:12+00:00,794
2035-02-28 20:02:21+00:00,688
2035-02-28 20:02:28+00:00,612
2035-02-28 20:02:30+00:00,600
2035-02-28 20:02:31+00:00,1408
2035-02-28 20:02:32+00:00,580
2035-02-28 20:02:33+00:00,519
2035-02-28 20:02:39+00:00,690
2035-02-28 20:02:40+00:00,774
2035-02-28 20:02:44+00:00,1478
2035-02-28 20:02:49+00:00,529
2035-02-28 20:02:55+00:00,1246
2035-02-28 20:02:56+00:00,866
2035-02-28 20:02:58+00:00,1342
2035-02-28 20:02:59+00:00,527
2035-02-28 20:03:01+00:00,978
2035-02-28 20:03:01.001000+00:00,546
2035-02-28 20:03:14+00:00,1421
2035-02-28 20:03:20+00:00,625
2035-02-28 20:03:28+00:00,579
2035-02-28 20:03:33+00:00,1121
2035-02-28 20:03:34+00:00,785
2035-02-28 20:03:36+00:00,1191
2035-02-28 20:03:55+00:00,525
2035-02-28 20:04:00+00:00,1107
2035-02-28 20:04:05+00:00,799
2035-02-28 20:04:06+00:00,1049
2035-02-28 20:04:08+00:00,878
2035-02-28 20:04:14+00:00,517
2035-02-28 20:04:15+00:00,1058
2035-02-28 20:04:18+00:00,1549
2035-02-28 20:04:19+00:00,681
2035-02-28 20:04:26+00:00,1516
2035-02-28 20:04:39+00:00,1244
2035-02-28 20:04:42+00:00,1689
2035-02-28 20:04:43+00:00,590
2035-02-28 20:04:43.001000+00:00,819
2035-02-28 20:04:44+00:00,640
2035-02-28 20:04:45+00:00,514
2035-02-28 20:04:47+00:00,1666
2035-02-28 20:04:48+00:00,529
2035-02-28 20:04:49+00:00,729
2035-02-28 20:04:50+00:00,737
2035-02-28 20:05:16+00:00,652
2035-02-28 20:05:18+00:00,1242
2035-02-28 20:05:25+00:00,1786
2035-02-28 20:06:10+00:00,616
2035-02-28 20:06:25+00:00,516
2035-02-28 20:06:48+00:00,589
2035-02-28 20:06:49+00:00,522
2035-02-28 20:06:50+00:00,602
2035-02-28 20:06:50.001000+00:00,728
2035-02-28 20:06:51+00:00,625
2035-02-28 20:06:52+00:00,900
2035-02-28 20:06:53+00:00,536
2035-02-28 20:06:54+00:00,739
2035-02-28 20:06:55+00:00,875
2035-02-28 20:06:56+00:00,575
2035-02-28 20:07:11+00:00,529
2035-02-28 20:08:32+00:00,508
2035-02-28 20:08:36+00:00,541
2035-02-28 20:08:58+00:00,607
2035-02-28 20:09:02+00:00,644
2035-02-28 20:09:33+00:00,647
2035-02-28 20:09:33.001000+00:00,546
2035-02-28 20:09:51+00:00,1557
2035-02-28 20:10:48+00:00,791
2035-02-28 20:10:57+00:00,1113
2035-02-28 20:10:58+00:00,550
2035-02-28 20:11:08+00:00,742
2035-02-28 20:11:18+00:00,1287
2035-02-28 20:12:22.001000+00:00,655
2035-02-28 20:12:22.002000+00:00,613
2035-02-28 20:12:23+00:00,619
2035-02-28 20:12:24.002000+00:00,646
2035-02-28 20:12:24.003000+00:00,658
2035-02-28 20:12:25+00:00,634
2035-02-28 20:12:25.001000+00:00,597
2035-02-28 20:12:26.002000+00:00,625
2035-02-28 20:12:27.001000+00:00,619
2035-02-28 20:12:27.002000+00:00,626
2035-02-28 20:12:28+00:00,639
2035-02-28 20:12:29.002000+00:00,632
2035-02-28 20:12:29.003000+00:00,612
2035-02-28 20:12:30.001000+00:00,613
2035-02-28 20:12:30.002000+00:00,616
2035-02-28 20:12:31.001000+00:00,621
2035-02-28 20:12:32.001000+00:00,632
2035-02-28 20:12:32.002000+00:00,618
2035-02-28 20:12:33+00:00,614
2035-02-28 20:12:34.001000+00:00,618
2035-02-28 20:12:34.002000+00:00,635
2035-02-28 20:12:35.002000+00:00,661
2035-02-28 20:12:35.003000+00:00,674
2035-02-28 20:12:36.002000+00:00,636
2035-02-28 20:12:37.001000+00:00,646
2035-02-28 20:12:37.002000+00:00,636
2035-02-28 20:12:38+00:00,650
2035-02-28 20:12:39.001000+00:00,642
2035-02-28 20:12:39.002000+00:00,630
2035-02-28 20:12:40.002000+00:00,610
2035-02-28 20:12:41.001000+00:00,606
2035-02-28 20:12:41.002000+00:00,605
2035-02-28 20:12:42.002000+00:00,631
2035-02-28 20:12:42.003000+00:00,650
2035-02-28 20:12:43+00:00,647
2035-02-28 20:12:44.002000+00:00,633
2035-02-28 20:12:44.003000+00:00,648
2035-02-28 20:12:45.001000+00:00,668
2035-02-28 20:12:46.002000+00:00,676
2035-02-28 20:12:46.003000+00:00,661
2035-02-28 20:12:47.002000+00:00,641
2035-02-28 20:12:48+00:00,638
2035-02-28 20:12:48.001000+00:00,649
2035-02-28 20:12:49.002000+00:00,665
2035-02-28 20:12:50.001000+00:00,659
2035-02-28 20:12:50.002000+00:00,638
2035-02-28 20:12:51.002000+00:00,642
2035-02-28 20:12:52.001000+00:00,653
2035-02-28 20:12:52.002000+00:00,658
2035-02-28 20:12:53+00:00,649
2035-02-28 20:12:53.001000+00:00,625
2035-02-28 20:12:54.001000+00:00,629
2035-02-28 20:12:55.002000+00:00,642
2035-02-28 20:12:55.003000+00:00,652
2035-02-28 20:12:56.002000+00:00,662
2035-02-28 20:12:57.001000+00:00,645
2035-02-28 20:12:57.002000+00:00,622
2035-02-28 20:12:58+00:00,666
2035-02-28 20:12:59+00:00,651
2035-02-28 20:12:59.001000+00:00,642
2035-02-28 20:13:00.002000+00:00,628
2035-02-28 20:13:01.002000+00:00,611
2035-02-28 20:13:01.003000+00:00,605
2035-02-28 20:13:02.001000+00:00,613
2035-02-28 20:13:02.002000+00:00,620
2035-02-28 20:13:03+00:00,646
2035-02-28 20:13:04.001000+00:00,622
2035-02-28 20:13:04.002000+00:00,617
2035-02-28 20:13:05.002000+00:00,622
2035-02-28 20:13:06.002000+00:00,638
2035-02-28 20:13:06.003000+00:00,636
2035-02-28 20:13:07.001000+00:00,619
2035-02-28 20:13:07.002000+00:00,615
2035-02-28 20:13:08+00:00,620
2035-02-28 20:13:09+00:00,628
2035-02-28 20:13:09.001000+00:00,632
2035-02-28 20:13:10.001000+00:00,633
2035-02-28 20:13:11.001000+00:00,615
2035-02-28 20:13:11.002000+00:00,617
2035-02-28 20:13:16+00:00,594
2035-02-28 20:13:16.001000+00:00,589
2035-02-28 20:13:17.002000+00:00,577
2035-02-28 20:13:17.003000+00:00,576
2035-02-28 20:13:18.001000+00:00,579
2035-02-28 20:13:20.001000+00:00,597
2035-02-28 20:13:20.002000+00:00,610
2035-02-28 20:13:21.002000+00:00,605
2035-02-28 20:13:21.003000+00:00,606
2035-02-28 20:13:22.002000+00:00,630
2035-02-28 20:13:23+00:00,655
2035-02-28 20:13:23.001000+00:00,663
2035-02-28 20:13:24+00:00,644
2035-02-28 20:13:25+00:00,658
2035-02-28 20:13:25.001000+00:00,641
2035-02-28 20:13:26+00:00,634
2035-02-28 20:13:27.003000+00:00,665
2035-02-28 20:13:27.004000+00:00,622
2035-02-28 20:13:28+00:00,608
2035-02-28 20:13:28.001000+00:00,619
2035-02-28 20:13:29.002000+00:00,622
2035-02-28 20:13:30.002000+00:00,630
2035-02-28 20:13:30.003000+00:00,616
2035-02-28 20:13:31.003000+00:00,598
2035-02-28 20:13:31.004000+00:00,605
2035-02-28 20:13:32+00:00,600
2035-02-28 20:13:33+00:00,600
2035-02-28 20:13:33.001000+00:00,595
2035-02-28 20:13:34.002000+00:00,645
2035-02-28 20:13:35.003000+00:00,631
2035-02-28 20:13:35.004000+00:00,619
2035-02-28 20:13:36+00:00,630
2035-02-28 20:13:36.001000+00:00,629
2035-02-28 20:13:37.002000+00:00,644
2035-02-28 20:13:38+00:00,646
2035-02-28 20:13:38.001000+00:00,598
2035-02-28 20:13:39.002000+00:00,655
2035-02-28 20:13:40.002000+00:00,628
2035-02-28 20:13:40.003000+00:00,638
2035-02-28 20:13:41+00:00,646
2035-02-28 20:13:41.001000+00:00,622
2035-02-28 20:13:42+00:00,611
2035-02-28 20:13:43+00:00,618
2035-02-28 20:13:43.001000+00:00,620
2035-02-28 20:13:44+00:00,655
2035-02-28 20:13:52+00:00,573
2035-02-28 20:13:53+00:00,598
2035-02-28 20:13:53.001000+00:00,586
2035-02-28 20:13:54.001000+00:00,593
2035-02-28 20:13:54.002000+00:00,574
2035-02-28 20:13:55.001000+00:00,576
2035-02-28 20:13:55.002000+00:00,596
2035-02-28 20:13:56+00:00,615
2035-02-28 20:13:57.002000+00:00,615
2035-02-28 20:13:57.003000+00:00,614
2035-02-28 20:13:58+00:00,981
2035-02-28 20:13:59.003000+00:00,806
2035-02-28 20:14:00+00:00,629
2035-02-28 20:14:00.001000+00:00,577
2035-02-28 20:14:01.001000+00:00,579
2035-02-28 20:14:01.002000+00:00,588
2035-02-28 20:14:02.001000+00:00,589
2035-02-28 20:14:03+00:00,558
2035-02-28 20:14:03.001000+00:00,595
2035-02-28 20:14:04+00:00,592
2035-02-28 20:14:04.001000+00:00,612
2035-02-28 20:14:05.002000+00:00,645
2035-02-28 20:14:06.002000+00:00,656
2035-02-28 20:14:06.003000+00:00,644
2035-02-28 20:14:07.001000+00:00,658
2035-02-28 20:14:10+00:00,573
2035-02-28 20:14:12+00:00,575
2035-02-28 20:14:14.001000+00:00,1735
2035-02-28 20:14:14.002000+00:00,578
2035-02-28 20:14:17.001000+00:00,593
2035-02-28 20:14:19+00:00,603
2035-02-28 20:14:19.001000+00:00,611
2035-02-28 20:14:20.001000+00:00,604
2035-02-28 20:14:21+00:00,599
2035-02-28 20:14:45.002000+00:00,603
2035-02-28 20:14:45.003000+00:00,541
2035-02-28 20:14:49+00:00,621
2035-02-28 20:14:51.002000+00:00,604
2035-02-28 20:14:51.003000+00:00,617
2035-02-28 20:14:52.002000+00:00,643
2035-02-28 20:14:53+00:00,661
2035-02-28 20:14:53.001000+00:00,653
2035-02-28 20:14:54.002000+00:00,644
2035-02-28 20:14:55.001000+00:00,617
2035-02-28 20:14:55.002000+00:00,645
2035-02-28 20:14:56.002000+00:00,631
2035-02-28 20:14:57.001000+00:00,618
2035-02-28 20:14:57.002000+00:00,611
2035-02-28 20:14:58+00:00,607
2035-02-28 20:14:58.001000+00:00,623
2035-02-28 20:14:59.001000+00:00,632
2035-02-28 20:15:00.002000+00:00,646
2035-02-28 20:15:00.003000+00:00,649
2035-02-28 20:15:01.001000+00:00,676
2035-02-28 20:15:02.002000+00:00,709
2035-02-28 20:15:02.003000+00:00,694
2035-02-28 20:15:03+00:00,672
2035-02-28 20:15:04.002000+00:00,661
2035-02-28 20:15:04.003000+00:00,650
2035-02-28 20:15:05.001000+00:00,662
2035-02-28 20:15:06.001000+00:00,661
2035-02-28 20:15:06.002000+00:00,640
2035-02-28 20:15:07.002000+00:00,638
2035-02-28 20:15:08+00:00,632
2035-02-28 20:15:08.001000+00:00,639
2035-02-28 20:15:09.002000+00:00,667
2035-02-28 20:15:10.001000+00:00,640
2035-02-28 20:15:10.002000+00:00,641
2035-02-28 20:15:11.002000+00:00,610
2035-02-28 20:15:11.003000+00:00,598
2035-02-28 20:15:12.002000+00:00,605
2035-02-28 20:15:13+00:00,610
2035-02-28 20:15:13.001000+00:00,633
2035-02-28 20:15:14.002000+00:00,638
2035-02-28 20:15:15.001000+00:00,653
2035-02-28 20:15:15.002000+00:00,645
2035-02-28 20:15:16.002000+00:00,644
2035-02-28 20:15:17.001000+00:00,657
2035-02-28 20:15:17.002000+00:00,663
2035-02-28 20:15:18+00:00,661
2035-02-28 20:15:18.001000+00:00,635
2035-02-28 20:15:19.001000+00:00,637
2035-02-28 20:15:20.002000+00:00,647
2035-02-28 20:15:20.003000+00:00,648
2035-02-28 20:15:21.001000+00:00,645
2035-02-28 20:15:22.002000+00:00,630
2035-02-28 20:15:22.003000+00:00,639
2035-02-28 20:15:23+00:00,643
2035-02-28 20:15:24.001000+00:00,654
2035-02-28 20:15:24.002000+00:00,671
2035-02-28 20:15:25.002000+00:00,628
2035-02-28 20:15:26.001000+00:00,659
2035-02-28 20:15:26.002000+00:00,660
2035-02-28 20:15:27.002000+00:00,655
2035-02-28 20:15:28+00:00,643
2035-02-28 20:15:28.001000+00:00,630
2035-02-28 20:15:29.002000+00:00,619
2035-02-28 20:15:29.003000+00:00,627
2035-02-28 20:15:30.001000+00:00,648
2035-02-28 20:15:31.001000+00:00,644
2035-02-28 20:15:31.002000+00:00,661
2035-02-28 20:15:32+00:00,646
2035-02-28 20:15:33+00:00,672
2035-02-28 20:15:33.001000+00:00,673
2035-02-28 20:15:34+00:00,676
2035-02-28 20:15:35.001000+00:00,661
2035-02-28 20:15:41+00:00,581
2035-02-28 20:15:41.001000+00:00,581
2035-02-28 20:15:43+00:00,607
2035-02-28 20:15:57.002000+00:00,601
2035-02-28 20:15:58+00:00,604
2035-02-28 20:15:58.001000+00:00,623
2035-02-28 20:15:59+00:00,655
2035-02-28 20:16:00+00:00,664
2035-02-28 20:16:00.001000+00:00,651
2035-02-28 20:16:01+00:00,650
2035-02-28 20:16:17.002000+00:00,639
2035-02-28 20:16:17.003000+00:00,635
2035-02-28 20:16:18+00:00,617
2035-02-28 20:16:19.003000+00:00,622
2035-02-28 20:16:19.004000+00:00,620
2035-02-28 20:16:20+00:00,612
2035-02-28 20:16:21.002000+00:00,631
2035-02-28 20:16:21.003000+00:00,627
2035-02-28 20:16:22.001000+00:00,640
2035-02-28 20:16:45+00:00,680
2035-02-28 20:16:46.001000+00:00,634
2035-02-28 20:16:47.001000+00:00,700
2035-02-28 20:16:47.002000+00:00,749
2035-02-28 20:16:51+00:00,766
2035-02-28 20:16:53+00:00,717
2035-02-28 20:16:54.001000+00:00,693
2035-02-28 20:16:54.002000+00:00,735
2035-02-28 20:16:55.003000+00:00,699
2035-02-28 20:16:56+00:00,783
2035-02-28 20:16:57.001000+00:00,722
2035-02-28 20:16:57.002000+00:00,716
2035-02-28 20:16:58+00:00,724
2035-02-28 20:16:59.002000+00:00,747
2035-02-28 20:16:59.003000+00:00,697
2035-02-28 20:17:00+00:00,700
2035-02-28 20:17:01.002000+00:00,685
2035-02-28 20:17:02.001000+00:00,720
2035-02-28 20:17:02.002000+00:00,749
2035-02-28 20:17:03+00:00,717
2035-02-28 20:17:04+00:00,682
2035-02-28 20:17:04.001000+00:00,670
2035-02-28 20:17:05.001000+00:00,698
2035-02-28 20:17:06.002000+00:00,736
2035-02-28 20:17:07.001000+00:00,740
2035-02-28 20:17:07.002000+00:00,732
2035-02-28 20:17:08+00:00,737
2035-02-28 20:17:09+00:00,754
2035-02-28 20:17:10.001000+00:00,772
2035-02-28 20:17:10.002000+00:00,741
2035-02-28 20:17:11+00:00,708
2035-02-28 20:17:12+00:00,688
2035-02-28 20:17:12.001000+00:00,727
2035-02-28 20:17:13+00:00,726
2035-02-28 20:17:16+00:00,692
2035-02-28 20:17:17+00:00,725
2035-02-28 20:17:18+00:00,1473
2035-02-28 20:17:19.002000+00:00,722
2035-02-28 20:17:20.002000+00:00,692
2035-02-28 20:17:24.002000+00:00,681
2035-02-28 20:17:24.003000+00:00,722
2035-02-28 20:17:25.001000+00:00,701
2035-02-28 20:17:26+00:00,751
2035-02-28 20:17:27.001000+00:00,725
2035-02-28 20:17:30+00:00,531
2035-02-28 20:17:31.002000+00:00,805
2035-02-28 20:17:31.003000+00:00,655
2035-02-28 20:17:32+00:00,692
2035-02-28 20:17:33+00:00,826
2035-02-28 20:17:34.001000+00:00,757
2035-02-28 20:17:34.002000+00:00,779
2035-02-28 20:17:35+00:00,789
2035-02-28 20:17:36.003000+00:00,762
2035-02-28 20:17:37+00:00,1027
2035-02-28 20:17:38+00:00,976
2035-02-28 20:17:39+00:00,624
2035-02-28 20:17:39.001000+00:00,650
2035-02-28 20:17:40.001000+00:00,597
2035-02-28 20:17:40.002000+00:00,655
2035-02-28 20:17:41.002000+00:00,634
2035-02-28 20:17:42+00:00,638
2035-02-28 20:17:42.001000+00:00,632
2035-02-28 20:17:43+00:00,639
2035-02-28 20:17:44+00:00,653
2035-02-28 20:17:44.001000+00:00,644
2035-02-28 20:17:45.003000+00:00,945
2035-02-28 20:17:46.001000+00:00,985
2035-02-28 20:17:47+00:00,655
2035-02-28 20:17:48+00:00,680
2035-02-28 20:17:48.001000+00:00,699
2035-02-28 20:17:49.003000+00:00,737
2035-02-28 20:17:50.002000+00:00,700
2035-02-28 20:17:50.003000+00:00,714
2035-02-28 20:17:51.001000+00:00,669
2035-02-28 20:17:52+00:00,1138
2035-02-28 20:17:53+00:00,936
2035-02-28 20:17:54+00:00,696
2035-02-28 20:17:55.001000+00:00,681
2035-02-28 20:17:55.002000+00:00,680
2035-02-28 20:17:56.002000+00:00,690
2035-02-28 20:17:57+00:00,726
2035-02-28 20:17:57.001000+00:00,681
2035-02-28 20:17:58+00:00,679
2035-02-28 20:17:59.002000+00:00,1377
2035-02-28 20:18:00+00:00,709
2035-02-28 20:18:01.002000+00:00,707
2035-02-28 20:18:01.003000+00:00,694
2035-02-28 20:18:02.002000+00:00,665
2035-02-28 20:18:03+00:00,708
2035-02-28 20:18:04.001000+00:00,686
2035-02-28 20:18:04.002000+00:00,626
2035-02-28 20:18:05.001000+00:00,708
2035-02-28 20:18:06.001000+00:00,668
2035-02-28 20:18:06.002000+00:00,712
2035-02-28 20:18:07+00:00,681
2035-02-28 20:18:08+00:00,662
2035-02-28 20:18:08.001000+00:00,635
2035-02-28 20:18:09.001000+00:00,972
2035-02-28 20:18:10.001000+00:00,1042
2035-02-28 20:18:11.001000+00:00,670
2035-02-28 20:18:12+00:00,679
2035-02-28 20:18:12.001000+00:00,674
2035-02-28 20:18:13+00:00,758
2035-02-28 20:18:14+00:00,740
2035-02-28 20:18:15.002000+00:00,748
2035-02-28 20:18:15.003000+00:00,708
2035-02-28 20:18:16.001000+00:00,727
2035-02-28 20:18:17+00:00,756
2035-02-28 20:18:17.001000+00:00,730
2035-02-28 20:18:18+00:00,740
2035-02-28 20:18:19.002000+00:00,719
2035-02-28 20:18:20.001000+00:00,701
2035-02-28 20:18:20.002000+00:00,685
2035-02-28 20:18:21.002000+00:00,689
2035-02-28 20:18:32+00:00,625
2035-02-28 20:18:32.001000+00:00,654
2035-02-28 20:18:33+00:00,651
2035-02-28 20:18:34.001000+00:00,649
2035-02-28 20:18:34.002000+00:00,625
2035-02-28 20:18:35.001000+00:00,649
2035-02-28 20:18:36.002000+00:00,620
2035-02-28 20:18:36.003000+00:00,633
2035-02-28 20:18:37+00:00,719
2035-02-28 20:18:38+00:00,743
2035-02-28 20:18:39.002000+00:00,1128
2035-02-28 20:18:40.001000+00:00,986
2035-02-28 20:18:40.002000+00:00,711
2035-02-28 20:18:41.001000+00:00,730
2035-02-28 20:18:42+00:00,689
2035-02-28 20:18:43+00:00,667
2035-02-28 20:18:43.001000+00:00,662
2035-02-28 20:18:44.001000+00:00,646
2035-02-28 20:18:45.002000+00:00,684
2035-02-28 20:18:45.003000+00:00,663
2035-02-28 20:18:46.002000+00:00,664
2035-02-28 20:18:46.003000+00:00,655
2035-02-28 20:18:51.002000+00:00,692
2035-02-28 20:18:51.003000+00:00,683
2035-02-28 20:18:52.001000+00:00,680
2035-02-28 20:18:53+00:00,666
2035-02-28 20:18:53.001000+00:00,647
2035-02-28 20:18:54.002000+00:00,650
2035-02-28 20:18:55.001000+00:00,652
2035-02-28 20:18:55.002000+00:00,643
2035-02-28 20:18:56.002000+00:00,665
2035-02-28 20:18:57+00:00,695
2035-02-28 20:18:58+00:00,815
2035-02-28 20:18:58.001000+00:00,803
2035-02-28 20:18:59.001000+00:00,750
2035-02-28 20:19:00.002000+00:00,737
2035-02-28 20:19:01.001000+00:00,740
2035-02-28 20:19:01.002000+00:00,735
2035-02-28 20:19:02.001000+00:00,711
2035-02-28 20:19:03+00:00,684
2035-02-28 20:19:03.001000+00:00,689
2035-02-28 20:19:04.001000+00:00,669
2035-02-28 20:19:05.002000+00:00,680
2035-02-28 20:19:05.003000+00:00,632
2035-02-28 20:19:06.001000+00:00,641
2035-02-28 20:19:07.002000+00:00,686
2035-02-28 20:19:07.003000+00:00,697
2035-02-28 20:19:08+00:00,675
2035-02-28 20:19:09.001000+00:00,684
2035-02-28 20:19:10.001000+00:00,683
2035-02-28 20:19:10.002000+00:00,709
2035-02-28 20:19:11+00:00,715
2035-02-28 20:19:12.001000+00:00,709
2035-02-28 20:19:12.002000+00:00,701
2035-02-28 20:19:13+00:00,694
2035-02-28 20:19:14.002000+00:00,697
2035-02-28 20:19:14.003000+00:00,720
2035-02-28 20:19:15.001000+00:00,701
2035-02-28 20:19:16.002000+00:00,650
2035-02-28 20:19:16.003000+00:00,693
2035-02-28 20:19:17+00:00,666
2035-02-28 20:19:18+00:00,717
2035-02-28 20:19:19.002000+00:00,666
2035-02-28 20:19:19.003000+00:00,663
2035-02-28 20:19:20.001000+00:00,695
2035-02-28 20:19:21.002000+00:00,681
2035-02-28 20:19:21.003000+00:00,694
2035-02-28 20:19:22+00:00,677
2035-02-28 20:19:23+00:00,646
2035-02-28 20:19:23.001000+00:00,613
2035-02-28 20:19:24.001000+00:00,625
2035-02-28 20:19:24.002000+00:00,618
2035-02-28 20:19:25.002000+00:00,666
2035-02-28 20:19:26.001000+00:00,671
2035-02-28 20:19:26.002000+00:00,664
2035-02-28 20:19:27+00:00,632
2035-02-28 20:19:28+00:00,649
2035-02-28 20:19:29.002000+00:00,845
2035-02-28 20:19:30.001000+00:00,1160
2035-02-28 20:19:30.002000+00:00,653
2035-02-28 20:19:31.001000+00:00,666
2035-02-28 20:19:32+00:00,633
2035-02-28 20:19:32.001000+00:00,654
2035-02-28 20:19:33+00:00,1345
2035-02-28 20:19:33.001000+00:00,666
2035-02-28 20:19:34.001000+00:00,660
2035-02-28 20:19:35.002000+00:00,666
2035-02-28 20:19:36.001000+00:00,1336
2035-02-28 20:19:38+00:00,700
2035-02-28 20:19:38.001000+00:00,643
2035-02-28 20:19:39.002000+00:00,649
2035-02-28 20:19:40.001000+00:00,658
2035-02-28 20:19:40.002000+00:00,677
2035-02-28 20:19:41.002000+00:00,1390
2035-02-28 20:19:41.003000+00:00,669
2035-02-28 20:19:43+00:00,676
2035-02-28 20:19:44.001000+00:00,577
2035-02-28 20:19:44.002000+00:00,771
2035-02-28 20:19:45.002000+00:00,664
2035-02-28 20:19:46+00:00,642
2035-02-28 20:19:46.001000+00:00,652
2035-02-28 20:19:47+00:00,686
2035-02-28 20:19:48+00:00,690
2035-02-28 20:19:49.001000+00:00,1381
2035-02-28 20:19:50.002000+00:00,664
2035-02-28 20:19:54+00:00,665
2035-02-28 20:19:55.001000+00:00,1376
2035-02-28 20:19:56.001000+00:00,718
2035-02-28 20:19:57+00:00,705
2035-02-28 20:19:57.001000+00:00,682
2035-02-28 20:19:58+00:00,656
2035-02-28 20:19:59.002000+00:00,657
2035-02-28 20:19:59.003000+00:00,623
2035-02-28 20:20:00+00:00,615
2035-02-28 20:20:00.001000+00:00,608
2035-02-28 20:20:01.001000+00:00,583
2035-02-28 20:20:02.001000+00:00,583
2035-02-28 20:20:02.002000+00:00,597
2035-02-28 20:20:03+00:00,724
2035-02-28 20:20:05.002000+00:00,794
2035-02-28 20:20:07.002000+00:00,767
2035-02-28 20:20:08+00:00,777
2035-02-28 20:20:08.001000+00:00,781
2035-02-28 20:20:09+00:00,739
2035-02-28 20:20:10+00:00,684
2035-02-28 20:20:10.001000+00:00,639
2035-02-28 20:20:11+00:00,628
2035-02-28 20:20:12+00:00,613
2035-02-28 20:20:12.001000+00:00,587
2035-02-28 20:20:13+00:00,657
2035-02-28 20:20:13.001000+00:00,603
2035-02-28 20:20:14.002000+00:00,1369
2035-02-28 20:20:15+00:00,683
2035-02-28 20:20:15.001000+00:00,695
2035-02-28 20:20:17+00:00,685
2035-02-28 20:20:18+00:00,1353
2035-02-28 20:20:19+00:00,674
2035-02-28 20:20:20+00:00,655
2035-02-28 20:20:20.001000+00:00,624
2035-02-28 20:20:21.002000+00:00,572
2035-02-28 20:20:21.003000+00:00,666
2035-02-28 20:20:22.001000+00:00,677
2035-02-28 20:20:23+00:00,1209
2035-02-28 20:20:24.001000+00:00,871
2035-02-28 20:20:25.001000+00:00,736
2035-02-28 20:20:26.002000+00:00,714
2035-02-28 20:20:26.003000+00:00,697
2035-02-28 20:20:27.002000+00:00,665
2035-02-28 20:20:28+00:00,646
2035-02-28 20:20:28.001000+00:00,645
2035-02-28 20:20:29.001000+00:00,659
2035-02-28 20:20:30+00:00,694
2035-02-28 20:20:30.001000+00:00,731
2035-02-28 20:20:31.001000+00:00,732
2035-02-28 20:20:32.002000+00:00,729
2035-02-28 20:20:33+00:00,714
2035-02-28 20:20:33.001000+00:00,686
2035-02-28 20:20:34.001000+00:00,668
2035-02-28 20:20:35.002000+00:00,644
2035-02-28 20:20:35.003000+00:00,634
2035-02-28 20:20:36.001000+00:00,546
2035-02-28 20:20:36.002000+00:00,598
2035-02-28 20:20:37.001000+00:00,583
2035-02-28 20:20:38+00:00,583
2035-02-28 20:20:38.001000+00:00,620
2035-02-28 20:20:39+00:00,621
2035-02-28 20:20:39.001000+00:00,668
2035-02-28 20:20:40+00:00,685
2035-02-28 20:20:41.001000+00:00,781
2035-02-28 20:20:42+00:00,865
2035-02-28 20:20:42.001000+00:00,746
2035-02-28 20:20:43+00:00,749
2035-02-28 20:20:44.001000+00:00,742
2035-02-28 20:20:45.001000+00:00,686
2035-02-28 20:20:45.002000+00:00,685
2035-02-28 20:20:46.002000+00:00,669
2035-02-28 20:20:47+00:00,681
2035-02-28 20:20:47.001000+00:00,657
2035-02-28 20:20:48+00:00,655
2035-02-28 20:20:49.002000+00:00,678
2035-02-28 20:20:49.003000+00:00,635
2035-02-28 20:20:50.001000+00:00,1342
2035-02-28 20:20:50.002000+00:00,717
2035-02-28 20:20:52.001000+00:00,739
2035-02-28 20:20:53.002000+00:00,1442
2035-02-28 20:20:53.003000+00:00,661
2035-02-28 20:20:55.002000+00:00,661
2035-02-28 20:20:56.001000+00:00,681
2035-02-28 20:20:56.002000+00:00,673
2035-02-28 20:20:57.002000+00:00,665
2035-02-28 20:20:58+00:00,634
2035-02-28 20:20:58.001000+00:00,646
2035-02-28 20:20:59.002000+00:00,658
2035-02-28 20:21:00.001000+00:00,687
2035-02-28 20:21:00.002000+00:00,713
2035-02-28 20:21:01.002000+00:00,707
2035-02-28 20:21:02+00:00,681
2035-02-28 20:21:02.001000+00:00,671
2035-02-28 20:21:03+00:00,681
2035-02-28 20:21:04.001000+00:00,675
2035-02-28 20:21:04.002000+00:00,669
2035-02-28 20:21:05.002000+00:00,659
2035-02-28 20:21:06.001000+00:00,679
2035-02-28 20:21:06.002000+00:00,683
2035-02-28 20:21:07.001000+00:00,691
2035-02-28 20:21:08+00:00,622
2035-02-28 20:21:08.001000+00:00,732
2035-02-28 20:21:09.001000+00:00,673
2035-02-28 20:21:10.002000+00:00,691
2035-02-28 20:21:10.003000+00:00,672
2035-02-28 20:21:11.001000+00:00,666
2035-02-28 20:21:12+00:00,687
2035-02-28 20:21:12.001000+00:00,698
2035-02-28 20:21:13+00:00,670
2035-02-28 20:21:14.002000+00:00,695
2035-02-28 20:21:15.002000+00:00,660
2035-02-28 20:21:15.003000+00:00,660
2035-02-28 20:21:16.001000+00:00,727
2035-02-28 20:21:17.001000+00:00,701
2035-02-28 20:21:17.002000+00:00,668
2035-02-28 20:21:18+00:00,652
2035-02-28 20:21:19.001000+00:00,648
2035-02-28 20:21:19.002000+00:00,655
2035-02-28 20:21:20.002000+00:00,670
2035-02-28 20:21:21.001000+00:00,663
2035-02-28 20:21:21.002000+00:00,643
2035-02-28 20:21:22.002000+00:00,626
2035-02-28 20:21:22.003000+00:00,639
2035-02-28 20:21:23+00:00,665
2035-02-28 20:21:24.002000+00:00,695
2035-02-28 20:21:25.001000+00:00,711
2035-02-28 20:21:25.002000+00:00,678
2035-02-28 20:21:26.002000+00:00,683
2035-02-28 20:21:27.001000+00:00,690
2035-02-28 20:21:27.002000+00:00,709
2035-02-28 20:21:28+00:00,695
2035-02-28 20:21:29.002000+00:00,673
2035-02-28 20:21:29.003000+00:00,660
2035-02-28 20:21:30.001000+00:00,675
2035-02-28 20:21:31.002000+00:00,684
2035-02-28 20:21:31.003000+00:00,701
2035-02-28 20:21:32.001000+00:00,684
2035-02-28 20:21:33+00:00,685
2035-02-28 20:21:33.001000+00:00,712
2035-02-28 20:21:34+00:00,737
2035-02-28 20:21:35+00:00,740
2035-02-28 20:21:36+00:00,706
2035-02-28 20:21:36.001000+00:00,695
2035-02-28 20:21:37.002000+00:00,702
2035-02-28 20:21:38+00:00,711
2035-02-28 20:21:38.001000+00:00,702
2035-02-28 20:21:39.002000+00:00,677
2035-02-28 20:21:40+00:00,687
2035-02-28 20:21:41.002000+00:00,706
2035-02-28 20:21:41.003000+00:00,696
2035-02-28 20:21:42.002000+00:00,683
2035-02-28 20:21:43+00:00,706
2035-02-28 20:21:43.001000+00:00,726
2035-02-28 20:21:44.001000+00:00,725
2035-02-28 20:21:45.001000+00:00,699
2035-02-28 20:21:45.002000+00:00,663
2035-02-28 20:21:46.002000+00:00,661
2035-02-28 20:21:47.001000+00:00,1348
2035-02-28 20:21:48+00:00,707
2035-02-28 20:21:49.001000+00:00,669
2035-02-28 20:21:50.001000+00:00,692
2035-02-28 20:21:54.001000+00:00,685
2035-02-28 20:21:55.002000+00:00,677
2035-02-28 20:21:56.002000+00:00,685
2035-02-28 20:21:56.003000+00:00,661
2035-02-28 20:21:57+00:00,679
2035-02-28 20:21:58+00:00,698
2035-02-28 20:21:58.001000+00:00,702
2035-02-28 20:21:59.001000+00:00,689
2035-02-28 20:22:00.001000+00:00,699
2035-02-28 20:22:01.002000+00:00,695
2035-02-28 20:22:01.003000+00:00,690
2035-02-28 20:22:02.001000+00:00,709
2035-02-28 20:22:05+00:00,704
2035-02-28 20:22:06.001000+00:00,689
2035-02-28 20:22:07.002000+00:00,676
2035-02-28 20:22:07.003000+00:00,695
2035-02-28 20:22:08+00:00,718
2035-02-28 20:22:09.001000+00:00,695
2035-02-28 20:22:09.002000+00:00,683
2035-02-28 20:22:12.002000+00:00,662
2035-02-28 20:22:13.001000+00:00,675
2035-02-28 20:22:15.001000+00:00,691
2035-02-28 20:22:16.001000+00:00,720
2035-02-28 20:22:16.002000+00:00,701
2035-02-28 20:22:17.002000+00:00,673
2035-02-28 20:22:18+00:00,677
2035-02-28 20:22:18.001000+00:00,694
2035-02-28 20:22:19.002000+00:00,704
2035-02-28 20:22:20.001000+00:00,700
2035-02-28 20:22:20.002000+00:00,695
2035-02-28 20:22:21.001000+00:00,695
2035-02-28 20:22:22.002000+00:00,717
2035-02-28 20:22:23+00:00,729
2035-02-28 20:22:23.001000+00:00,715
2035-02-28 20:22:24.002000+00:00,701
2035-02-28 20:22:25.001000+00:00,720
2035-02-28 20:22:25.002000+00:00,731
2035-02-28 20:22:26.002000+00:00,719
2035-02-28 20:22:27.001000+00:00,712
2035-02-28 20:22:28+00:00,696
2035-02-28 20:22:28.001000+00:00,680
2035-02-28 20:22:29.002000+00:00,724
2035-02-28 20:22:30.001000+00:00,720
2035-02-28 20:22:30.002000+00:00,712
2035-02-28 20:22:31.001000+00:00,695
2035-02-28 20:22:32.002000+00:00,695
2035-02-28 20:22:32.003000+00:00,722
2035-02-28 20:22:33+00:00,758
2035-02-28 20:22:34.002000+00:00,778
2035-02-28 20:22:35.001000+00:00,732
2035-02-28 20:22:35.002000+00:00,699
2035-02-28 20:22:36.002000+00:00,698
2035-02-28 20:22:37.001000+00:00,738
2035-02-28 20:22:38+00:00,734
2035-02-28 20:22:38.001000+00:00,704
2035-02-28 20:22:39+00:00,677
2035-02-28 20:22:40+00:00,673
2035-02-28 20:22:40.001000+00:00,694
2035-02-28 20:22:41.001000+00:00,690
2035-02-28 20:22:42.001000+00:00,694
2035-02-28 20:22:42.002000+00:00,671
2035-02-28 20:22:43+00:00,667
2035-02-28 20:22:44.001000+00:00,674
2035-02-28 20:22:44.002000+00:00,688
2035-02-28 20:22:45.002000+00:00,695
2035-02-28 20:22:46.001000+00:00,674
2035-02-28 20:22:46.002000+00:00,649
2035-02-28 20:22:47.002000+00:00,678
2035-02-28 20:22:48+00:00,688
2035-02-28 20:22:49.002000+00:00,702
2035-02-28 20:22:49.003000+00:00,692
2035-02-28 20:22:50.001000+00:00,676
2035-02-28 20:22:51.002000+00:00,685
2035-02-28 20:22:51.003000+00:00,690
2035-02-28 20:22:52.001000+00:00,694
2035-02-28 20:22:53+00:00,684
2035-02-28 20:22:53.001000+00:00,665
2035-02-28 20:22:54.002000+00:00,685
2035-02-28 20:22:55.001000+00:00,689
2035-02-28 20:22:55.002000+00:00,688
2035-02-28 20:22:56.002000+00:00,693
2035-02-28 20:22:57.002000+00:00,673
2035-02-28 20:22:57.003000+00:00,696
2035-02-28 20:22:58+00:00,701
2035-02-28 20:22:59.001000+00:00,685
2035-02-28 20:22:59.002000+00:00,687
2035-02-28 20:23:00.002000+00:00,708
2035-02-28 20:23:01+00:00,697
2035-02-28 20:23:02.001000+00:00,698
2035-02-28 20:23:02.002000+00:00,673
2035-02-28 20:23:03+00:00,657
2035-02-28 20:23:04.001000+00:00,734
2035-02-28 20:23:04.002000+00:00,719
2035-02-28 20:23:05.002000+00:00,698
2035-02-28 20:23:06.001000+00:00,664
2035-02-28 20:23:06.002000+00:00,732
2035-02-28 20:23:07.002000+00:00,685
2035-02-28 20:23:08+00:00,717
2035-02-28 20:23:09.002000+00:00,705
2035-02-28 20:23:09.003000+00:00,669
2035-02-28 20:23:10.001000+00:00,652
2035-02-28 20:23:11.001000+00:00,678
2035-02-28 20:23:11.002000+00:00,688
2035-02-28 20:23:12.001000+00:00,698
2035-02-28 20:23:13+00:00,665
2035-02-28 20:23:13.001000+00:00,675
2035-02-28 20:23:14.001000+00:00,699
2035-02-28 20:23:15.001000+00:00,713
2035-02-28 20:23:15.002000+00:00,703
2035-02-28 20:23:16.002000+00:00,676
2035-02-28 20:23:17.001000+00:00,669
2035-02-28 20:23:17.002000+00:00,673
2035-02-28 20:23:18+00:00,693
2035-02-28 20:23:19+00:00,693
2035-02-28 20:23:20.002000+00:00,673
2035-02-28 20:23:20.003000+00:00,657
2035-02-28 20:23:21.002000+00:00,668
2035-02-28 20:23:22+00:00,696
2035-02-28 20:23:22.001000+00:00,716
2035-02-28 20:23:23+00:00,686
2035-02-28 20:23:24.002000+00:00,683
2035-02-28 20:23:24.003000+00:00,680
2035-02-28 20:23:25.001000+00:00,703
2035-02-28 20:23:26.003000+00:00,692
2035-02-28 20:23:26.004000+00:00,677
2035-02-28 20:23:27+00:00,650
2035-02-28 20:23:28+00:00,654
2035-02-28 20:23:28.001000+00:00,677
2035-02-28 20:23:29.002000+00:00,690
2035-02-28 20:23:30.003000+00:00,666
2035-02-28 20:23:30.004000+00:00,650
2035-02-28 20:23:31+00:00,706
2035-02-28 20:23:32.001000+00:00,731
2035-02-28 20:23:33+00:00,725
2035-02-28 20:23:33.001000+00:00,701
2035-02-28 20:23:34.002000+00:00,684
2035-02-28 20:23:35.001000+00:00,695
2035-02-28 20:23:35.002000+00:00,705
2035-02-28 20:23:36.002000+00:00,700
2035-02-28 20:23:37.001000+00:00,678
2035-02-28 20:23:37.002000+00:00,684
2035-02-28 20:23:38+00:00,713
2035-02-28 20:23:39+00:00,748
2035-02-28 20:23:40+00:00,728
2035-02-28 20:23:40.001000+00:00,714
2035-02-28 20:23:41+00:00,701
2035-02-28 20:23:42.001000+00:00,711
2035-02-28 20:23:42.002000+00:00,701
2035-02-28 20:23:43+00:00,684
2035-02-28 20:23:44+00:00,667
2035-02-28 20:23:44.001000+00:00,672
2035-02-28 20:23:45.001000+00:00,690
2035-02-28 20:23:46.002000+00:00,715
2035-02-28 20:23:47.001000+00:00,717
2035-02-28 20:23:47.002000+00:00,704
2035-02-28 20:23:48+00:00,718
2035-02-28 20:23:49.001000+00:00,774
2035-02-28 20:23:49.002000+00:00,769
2035-02-28 20:23:50.002000+00:00,719
2035-02-28 20:23:51.002000+00:00,688
2035-02-28 20:23:52+00:00,675
2035-02-28 20:23:52.001000+00:00,687
2035-02-28 20:23:53+00:00,683
2035-02-28 20:23:54.001000+00:00,688
2035-02-28 20:23:54.002000+00:00,680
2035-02-28 20:23:55.003000+00:00,687
2035-02-28 20:23:56.001000+00:00,696
2035-02-28 20:23:56.002000+00:00,733
2035-02-28 20:23:57+00:00,724
2035-02-28 20:23:58+00:00,713
2035-02-28 20:23:59.003000+00:00,728
2035-02-28 20:23:59.004000+00:00,747
2035-02-28 20:24:00.001000+00:00,749
2035-02-28 20:24:01+00:00,718
2035-02-28 20:24:01.001000+00:00,688
2035-02-28 20:24:02.002000+00:00,686
2035-02-28 20:24:03+00:00,696
2035-02-28 20:24:04+00:00,688
2035-02-28 20:24:04.001000+00:00,694
2035-02-28 20:24:05.001000+00:00,676
2035-02-28 20:24:06.001000+00:00,669
2035-02-28 20:24:06.002000+00:00,709
2035-02-28 20:24:07.002000+00:00,701
2035-02-28 20:24:08+00:00,679
2035-02-28 20:24:08.001000+00:00,691
2035-02-28 20:24:09.002000+00:00,666
2035-02-28 20:24:10.001000+00:00,678
2035-02-28 20:24:10.002000+00:00,715
2035-02-28 20:24:11.003000+00:00,711
2035-02-28 20:24:12+00:00,687
2035-02-28 20:24:13+00:00,674
2035-02-28 20:24:13.001000+00:00,681
2035-02-28 20:24:14.001000+00:00,713
2035-02-28 20:24:15.003000+00:00,733
2035-02-28 20:24:15.004000+00:00,708
2035-02-28 20:24:16.001000+00:00,693
2035-02-28 20:24:17+00:00,694
2035-02-28 20:24:17.001000+00:00,699
2035-02-28 20:24:18+00:00,688
2035-02-28 20:24:19.003000+00:00,672
2035-02-28 20:24:19.004000+00:00,661
2035-02-28 20:24:20.001000+00:00,663
2035-02-28 20:24:21+00:00,694
2035-02-28 20:24:21.001000+00:00,681
2035-02-28 20:24:22.002000+00:00,679
2035-02-28 20:24:23+00:00,664
2035-02-28 20:24:24.001000+00:00,673
2035-02-28 20:24:24.002000+00:00,688
2035-02-28 20:24:25+00:00,683
2035-02-28 20:24:26.002000+00:00,666
2035-02-28 20:24:26.003000+00:00,647
2035-02-28 20:24:27.002000+00:00,675
2035-02-28 20:24:28+00:00,696
2035-02-28 20:24:28.001000+00:00,709
2035-02-28 20:24:29+00:00,709
2035-02-28 20:24:30.003000+00:00,691
2035-02-28 20:24:30.004000+00:00,691
2035-02-28 20:24:31.001000+00:00,722
2035-02-28 20:24:32+00:00,709
2035-02-28 20:24:32.001000+00:00,696
2035-02-28 20:24:33+00:00,656
2035-02-28 20:24:34.001000+00:00,675
2035-02-28 20:24:35.002000+00:00,711
2035-02-28 20:24:35.003000+00:00,715
2035-02-28 20:24:36.001000+00:00,737
2035-02-28 20:24:37+00:00,733
2035-02-28 20:24:37.001000+00:00,685
2035-02-28 20:24:38+00:00,699
2035-02-28 20:24:39+00:00,705
2035-02-28 20:24:39.001000+00:00,686
2035-02-28 20:24:40+00:00,678
2035-02-28 20:24:41+00:00,677
2035-02-28 20:24:42.002000+00:00,707
2035-02-28 20:24:42.003000+00:00,718
2035-02-28 20:24:43+00:00,685
2035-02-28 20:24:44.002000+00:00,700
2035-02-28 20:24:44.003000+00:00,726
2035-02-28 20:24:45+00:00,764
2035-02-28 20:24:46.002000+00:00,751
2035-02-28 20:24:47+00:00,714
2035-02-28 20:24:47.001000+00:00,690
2035-02-28 20:24:48+00:00,685
2035-02-28 20:24:49+00:00,698
2035-02-28 20:24:49.001000+00:00,687
2035-02-28 20:24:50.003000+00:00,691
2035-02-28 20:24:51.001000+00:00,660
2035-02-28 20:24:51.002000+00:00,659
2035-02-28 20:24:52+00:00,669
2035-02-28 20:24:53+00:00,733
2035-02-28 20:24:54.002000+00:00,759
2035-02-28 20:24:54.003000+00:00,730
2035-02-28 20:24:55.001000+00:00,727
2035-02-28 20:24:56.002000+00:00,785
2035-02-28 20:24:57+00:00,769
2035-02-28 20:24:57.001000+00:00,731
2035-02-28 20:24:58+00:00,706
2035-02-28 20:24:59.002000+00:00,701
2035-02-28 20:24:59.003000+00:00,705
2035-02-28 20:25:00.001000+00:00,679
2035-02-28 20:25:01.001000+00:00,670
2035-02-28 20:25:01.002000+00:00,613
2035-02-28 20:25:02+00:00,681
2035-02-28 20:25:03+00:00,693
2035-02-28 20:25:03.001000+00:00,741
2035-02-28 20:25:04.002000+00:00,747
2035-02-28 20:25:05.001000+00:00,745
2035-02-28 20:25:06.002000+00:00,749
2035-02-28 20:25:07+00:00,798
2035-02-28 20:25:07.001000+00:00,735
2035-02-28 20:25:08+00:00,693
2035-02-28 20:25:09.002000+00:00,686
2035-02-28 20:25:09.003000+00:00,705
2035-02-28 20:25:10.001000+00:00,705
2035-02-28 20:25:11.002000+00:00,700
2035-02-28 20:25:11.003000+00:00,668
2035-02-28 20:25:12+00:00,669
2035-02-28 20:25:13+00:00,693
2035-02-28 20:25:13.001000+00:00,713
2035-02-28 20:25:14.001000+00:00,692
2035-02-28 20:25:15.002000+00:00,649
2035-02-28 20:25:16.001000+00:00,696
2035-02-28 20:25:16.002000+00:00,687
2035-02-28 20:25:17+00:00,685
2035-02-28 20:25:18+00:00,679
2035-02-28 20:25:18.001000+00:00,636
2035-02-28 20:25:19.002000+00:00,648
2035-02-28 20:25:20.001000+00:00,667
2035-02-28 20:25:20.002000+00:00,693
2035-02-28 20:25:21.002000+00:00,696
2035-02-28 20:25:22+00:00,678
2035-02-28 20:25:22.001000+00:00,654
2035-02-28 20:25:23+00:00,706
2035-02-28 20:25:24.001000+00:00,694
2035-02-28 20:25:24.002000+00:00,660
2035-02-28 20:25:25.001000+00:00,693
2035-02-28 20:25:26.002000+00:00,672
2035-02-28 20:25:26.003000+00:00,689
2035-02-28 20:25:27+00:00,706
2035-02-28 20:25:28+00:00,690
2035-02-28 20:25:28.001000+00:00,674
2035-02-28 20:25:29.001000+00:00,665
2035-02-28 20:25:30.001000+00:00,701
2035-02-28 20:25:31.002000+00:00,723
2035-02-28 20:25:31.003000+00:00,731
2035-02-28 20:25:32+00:00,698
2035-02-28 20:25:33+00:00,691
2035-02-28 20:25:33.001000+00:00,693
2035-02-28 20:25:34.001000+00:00,693
2035-02-28 20:25:35.001000+00:00,694
2035-02-28 20:25:35.002000+00:00,660
2035-02-28 20:25:36.002000+00:00,679
2035-02-28 20:25:37.001000+00:00,715
2035-02-28 20:25:38+00:00,751
2035-02-28 20:25:38.001000+00:00,745
2035-02-28 20:25:39.002000+00:00,739
2035-02-28 20:25:40.001000+00:00,720
2035-02-28 20:25:40.002000+00:00,721
2035-02-28 20:25:41.001000+00:00,737
2035-02-28 20:25:42+00:00,712
2035-02-28 20:25:43+00:00,679
2035-02-28 20:25:43.001000+00:00,679
2035-02-28 20:25:44.002000+00:00,692
2035-02-28 20:25:45.001000+00:00,703
2035-02-28 20:25:45.002000+00:00,693
2035-02-28 20:25:46.001000+00:00,677
2035-02-28 20:25:47+00:00,671
2035-02-28 20:25:47.001000+00:00,666
2035-02-28 20:25:48+00:00,630
2035-02-28 20:25:49.001000+00:00,665
2035-02-28 20:25:49.002000+00:00,638
2035-02-28 20:25:50.001000+00:00,646
2035-02-28 20:25:51.001000+00:00,824
2035-02-28 20:25:52+00:00,776
2035-02-28 20:25:52.001000+00:00,770
2035-02-28 20:25:53+00:00,741
2035-02-28 20:25:54.002000+00:00,742
2035-02-28 20:25:55.001000+00:00,730
2035-02-28 20:25:55.002000+00:00,692
2035-02-28 20:25:56.002000+00:00,662
2035-02-28 20:25:57.001000+00:00,671
2035-02-28 20:25:57.002000+00:00,657
2035-02-28 20:25:58+00:00,680
2035-02-28 20:25:59.001000+00:00,665
2035-02-28 20:25:59.002000+00:00,648
2035-02-28 20:26:00.002000+00:00,674
2035-02-28 20:26:01.001000+00:00,697
2035-02-28 20:26:01.002000+00:00,709
2035-02-28 20:26:02.002000+00:00,691
2035-02-28 20:26:03+00:00,661
2035-02-28 20:26:03.001000+00:00,660
2035-02-28 20:26:04+00:00,684
2035-02-28 20:26:05.001000+00:00,689
2035-02-28 20:26:05.002000+00:00,692
2035-02-28 20:26:06+00:00,660
2035-02-28 20:26:07.001000+00:00,652
2035-02-28 20:26:29+00:00,1276
2035-02-28 20:26:38+00:00,1273
2035-02-28 20:26:39+00:00,608
2035-02-28 20:26:39.001000+00:00,658
2035-02-28 20:27:09.001000+00:00,603
2035-02-28 20:27:10.002000+00:00,626
2035-02-28 20:27:10.003000+00:00,686
2035-02-28 20:27:12+00:00,712
2035-02-28 20:27:13+00:00,682
2035-02-28 20:27:14.001000+00:00,636
2035-02-28 20:27:14.002000+00:00,648
2035-02-28 20:27:15.001000+00:00,664
2035-02-28 20:27:15.002000+00:00,675
2035-02-28 20:27:16.002000+00:00,664
2035-02-28 20:27:17+00:00,637
2035-02-28 20:27:17.001000+00:00,629
2035-02-28 20:27:18+00:00,621
2035-02-28 20:27:19+00:00,666
2035-02-28 20:27:19.001000+00:00,650
2035-02-28 20:27:20+00:00,652
2035-02-28 20:27:21+00:00,635
2035-02-28 20:27:21.001000+00:00,634
2035-02-28 20:27:22+00:00,654
2035-02-28 20:27:30+00:00,1160
2035-02-28 20:27:30.001000+00:00,621
2035-02-28 20:27:31+00:00,651
2035-02-28 20:27:32.002000+00:00,634
2035-02-28 20:27:32.003000+00:00,607
2035-02-28 20:27:33+00:00,608
2035-02-28 20:27:34+00:00,629
2035-02-28 20:27:34.001000+00:00,648
2035-02-28 20:27:35.002000+00:00,655
2035-02-28 20:27:36+00:00,620
2035-02-28 20:27:36.001000+00:00,617
2035-02-28 20:27:37+00:00,603
2035-02-28 20:27:37.001000+00:00,611
2035-02-28 20:27:38+00:00,638
2035-02-28 20:27:39+00:00,648
2035-02-28 20:27:39.001000+00:00,632
2035-02-28 20:27:40.001000+00:00,624
2035-02-28 20:27:41+00:00,633
2035-02-28 20:27:46.002000+00:00,604
2035-02-28 20:27:46.003000+00:00,672
2035-02-28 20:27:48+00:00,711
2035-02-28 20:27:49.002000+00:00,650
2035-02-28 20:27:56.002000+00:00,645
2035-02-28 20:27:56.003000+00:00,624
2035-02-28 20:27:57+00:00,635
2035-02-28 20:27:58+00:00,651
2035-02-28 20:27:58.001000+00:00,602
2035-02-28 20:27:59+00:00,654
2035-02-28 20:27:59.001000+00:00,608
2035-02-28 20:28:00.002000+00:00,616
2035-02-28 20:28:01.002000+00:00,642
2035-02-28 20:28:01.003000+00:00,660
2035-02-28 20:28:02+00:00,652
2035-02-28 20:28:03+00:00,635
2035-02-28 20:28:03.001000+00:00,630
2035-02-28 20:28:04.001000+00:00,636
2035-02-28 20:28:05.002000+00:00,652
2035-02-28 20:28:05.003000+00:00,676
2035-02-28 20:28:06.001000+00:00,643
2035-02-28 20:28:07+00:00,628
2035-02-28 20:28:07.001000+00:00,625
2035-02-28 20:28:08+00:00,632
2035-02-28 20:28:08.001000+00:00,645
2035-02-28 20:28:09.002000+00:00,652
2035-02-28 20:28:10+00:00,653
2035-02-28 20:28:10.001000+00:00,624
2035-02-28 20:28:11.002000+00:00,621
2035-02-28 20:28:12+00:00,642
2035-02-28 20:28:12.001000+00:00,694
2035-02-28 20:28:13+00:00,712
2035-02-28 20:28:14.002000+00:00,680
2035-02-28 20:28:14.003000+00:00,642
2035-02-28 20:28:15+00:00,651
2035-02-28 20:28:16+00:00,660
2035-02-28 20:28:17+00:00,1087
2035-02-28 20:28:18+00:00,883
2035-02-28 20:28:18.001000+00:00,621
2035-02-28 20:28:19.001000+00:00,633
2035-02-28 20:28:20.001000+00:00,671
2035-02-28 20:28:20.002000+00:00,664
2035-02-28 20:28:21.001000+00:00,648
2035-02-28 20:28:22+00:00,639
2035-02-28 20:28:22.001000+00:00,652
2035-02-28 20:28:23+00:00,656
2035-02-28 20:28:24.001000+00:00,695
2035-02-28 20:28:24.002000+00:00,670
2035-02-28 20:28:25.002000+00:00,659
2035-02-28 20:28:25.003000+00:00,645
2035-02-28 20:28:29.002000+00:00,664
2035-02-28 20:28:31.001000+00:00,858
2035-02-28 20:28:32+00:00,744
2035-02-28 20:28:32.001000+00:00,732
2035-02-28 20:28:33+00:00,680
2035-02-28 20:28:34.002000+00:00,633
2035-02-28 20:28:34.003000+00:00,633
2035-02-28 20:28:35.001000+00:00,663
2035-02-28 20:28:36.002000+00:00,717
2035-02-28 20:28:36.003000+00:00,722
2035-02-28 20:28:37+00:00,667
2035-02-28 20:28:38+00:00,677
2035-02-28 20:28:39+00:00,688
2035-02-28 20:28:39.001000+00:00,705
2035-02-28 20:28:40+00:00,728
2035-02-28 20:28:41.001000+00:00,675
2035-02-28 20:28:41.002000+00:00,670
2035-02-28 20:28:42+00:00,631
2035-02-28 20:28:43+00:00,720
2035-02-28 20:28:43.001000+00:00,684
2035-02-28 20:28:44+00:00,654
2035-02-28 20:28:45.002000+00:00,629
2035-02-28 20:28:47+00:00,626
2035-02-28 20:28:48+00:00,660
2035-02-28 20:28:48.001000+00:00,676
2035-02-28 20:28:49+00:00,684
2035-02-28 20:28:50+00:00,723
2035-02-28 20:28:51.001000+00:00,1028
2035-02-28 20:28:52.001000+00:00,806
2035-02-28 20:28:52.002000+00:00,699
2035-02-28 20:28:53+00:00,639
2035-02-28 20:28:54.001000+00:00,611
2035-02-28 20:28:54.002000+00:00,611
2035-02-28 20:28:55.001000+00:00,635
2035-02-28 20:28:56+00:00,1241
2035-02-28 20:28:57+00:00,704
2035-02-28 20:28:57.001000+00:00,661
2035-02-28 20:28:58+00:00,699
2035-02-28 20:28:59.001000+00:00,1021
2035-02-28 20:29:00.001000+00:00,782
2035-02-28 20:29:01.002000+00:00,725
2035-02-28 20:29:01.003000+00:00,742
2035-02-28 20:29:02.001000+00:00,1270
2035-02-28 20:29:04+00:00,1172
2035-02-28 20:29:05.001000+00:00,786
2035-02-28 20:29:05.002000+00:00,734
2035-02-28 20:29:06+00:00,742
2035-02-28 20:29:07.001000+00:00,750
2035-02-28 20:29:08+00:00,789
2035-02-28 20:29:08.001000+00:00,787
2035-02-28 20:29:09.001000+00:00,758
2035-02-28 20:29:10.001000+00:00,741
2035-02-28 20:29:11+00:00,698
2035-02-28 20:29:11.001000+00:00,660
2035-02-28 20:29:12.001000+00:00,1346
2035-02-28 20:29:12.002000+00:00,755
2035-02-28 20:29:13.001000+00:00,691
2035-02-28 20:29:15.001000+00:00,668
2035-02-28 20:29:15.002000+00:00,684
2035-02-28 20:29:16.001000+00:00,734
2035-02-28 20:29:17.001000+00:00,1219
2035-02-28 20:29:18+00:00,894
2035-02-28 20:29:19.001000+00:00,751
2035-02-28 20:29:20.001000+00:00,800
2035-02-28 20:29:21.002000+00:00,741
2035-02-28 20:29:21.003000+00:00,741
2035-02-28 20:29:22.001000+00:00,819
2035-02-28 20:29:23+00:00,815
2035-02-28 20:29:24.002000+00:00,761
2035-02-28 20:29:25+00:00,796
2035-02-28 20:29:25.001000+00:00,832
2035-02-28 20:29:26+00:00,782
2035-02-28 20:29:27+00:00,775
2035-02-28 20:29:28+00:00,715
2035-02-28 20:29:28.001000+00:00,706
2035-02-28 20:29:29+00:00,745
2035-02-28 20:29:30+00:00,786
2035-02-28 20:29:31.002000+00:00,798
2035-02-28 20:29:32.001000+00:00,1513
2035-02-28 20:29:33+00:00,667
2035-02-28 20:29:34.001000+00:00,720
2035-02-28 20:29:34.002000+00:00,694
2035-02-28 20:29:35+00:00,689
2035-02-28 20:29:36.002000+00:00,744
2035-02-28 20:29:36.003000+00:00,681
2035-02-28 20:29:37+00:00,679
2035-02-28 20:29:38+00:00,666
2035-02-28 20:29:38.001000+00:00,687
2035-02-28 20:29:39.002000+00:00,687
2035-02-28 20:29:40+00:00,743
2035-02-28 20:29:41+00:00,717
2035-02-28 20:29:41.001000+00:00,663
2035-02-28 20:29:42+00:00,653
2035-02-28 20:29:43+00:00,668
2035-02-28 20:29:43.001000+00:00,689
2035-02-28 20:29:44.001000+00:00,725
2035-02-28 20:29:45.001000+00:00,687
2035-02-28 20:29:45.002000+00:00,665
2035-02-28 20:29:46.002000+00:00,677
2035-02-28 20:29:47+00:00,706
2035-02-28 20:29:47.001000+00:00,724
2035-02-28 20:29:48+00:00,688
2035-02-28 20:29:49.002000+00:00,653
2035-02-28 20:29:49.003000+00:00,676
2035-02-28 20:29:50.001000+00:00,751
2035-02-28 20:29:51.001000+00:00,823
2035-02-28 20:29:52+00:00,812
2035-02-28 20:29:53+00:00,703
2035-02-28 20:29:53.001000+00:00,669
2035-02-28 20:29:56.002000+00:00,626
2035-02-28 20:29:56.003000+00:00,639
2035-02-28 20:29:57+00:00,684
2035-02-28 20:29:58+00:00,766
2035-02-28 20:29:59.001000+00:00,866
2035-02-28 20:29:59.002000+00:00,667
2035-02-28 20:30:00.002000+00:00,721
2035-02-28 20:30:01+00:00,655
2035-02-28 20:30:01.001000+00:00,645
2035-02-28 20:30:02+00:00,676
2035-02-28 20:30:03+00:00,685
2035-02-28 20:30:03.001000+00:00,665
2035-02-28 20:30:04.001000+00:00,618
2035-02-28 20:30:05.002000+00:00,654
2035-02-28 20:30:05.003000+00:00,679
2035-02-28 20:30:06.001000+00:00,724
2035-02-28 20:30:12.002000+00:00,642
2035-02-28 20:30:12.003000+00:00,633
2035-02-28 20:30:14.002000+00:00,666
2035-02-28 20:30:16.002000+00:00,663
2035-02-28 20:30:16.003000+00:00,690
2035-02-28 20:30:17.001000+00:00,664
2035-02-28 20:30:18+00:00,655
2035-02-28 20:30:18.001000+00:00,623
2035-02-28 20:30:19.001000+00:00,616
2035-02-28 20:30:19.002000+00:00,614
2035-02-28 20:30:20+00:00,632
2035-02-28 20:30:21.001000+00:00,639
2035-02-28 20:30:21.002000+00:00,661
2035-02-28 20:30:22+00:00,646
2035-02-28 20:30:23+00:00,664
2035-02-28 20:30:23.001000+00:00,675
2035-02-28 20:30:24.001000+00:00,690
2035-02-28 20:30:25.002000+00:00,665
2035-02-28 20:30:25.003000+00:00,640
2035-02-28 20:30:26.002000+00:00,645
2035-02-28 20:30:27+00:00,630
2035-02-28 20:30:27.001000+00:00,627
2035-02-28 20:30:28+00:00,660
2035-02-28 20:30:28.001000+00:00,622
2035-02-28 20:30:29+00:00,1274
2035-02-28 20:30:29.001000+00:00,656
2035-02-28 20:30:30.002000+00:00,670
2035-02-28 20:30:31.001000+00:00,658
2035-02-28 20:30:31.002000+00:00,655
2035-02-28 20:30:32.001000+00:00,656
2035-02-28 20:30:34.002000+00:00,654
2035-02-28 20:30:34.003000+00:00,633
2035-02-28 20:30:35.002000+00:00,605
2035-02-28 20:30:36+00:00,640
2035-02-28 20:30:36.001000+00:00,616
2035-02-28 20:30:37.001000+00:00,610
2035-02-28 20:30:37.002000+00:00,611
2035-02-28 20:30:38+00:00,594
2035-02-28 20:30:39.001000+00:00,595
2035-02-28 20:30:39.002000+00:00,631
2035-02-28 20:30:40.001000+00:00,672
2035-02-28 20:30:41.001000+00:00,747
2035-02-28 20:30:41.002000+00:00,727
2035-02-28 20:30:42.002000+00:00,651
2035-02-28 20:30:43+00:00,650
2035-02-28 20:30:43.001000+00:00,633
2035-02-28 20:30:44.001000+00:00,632
2035-02-28 20:30:45.002000+00:00,641
2035-02-28 20:30:45.003000+00:00,642
2035-02-28 20:30:46.001000+00:00,635
2035-02-28 20:30:46.002000+00:00,630
2035-02-28 20:30:47.001000+00:00,713
2035-02-28 20:30:48+00:00,860
2035-02-28 20:30:49+00:00,733
2035-02-28 20:30:50.002000+00:00,714
2035-02-28 20:30:50.003000+00:00,687
2035-02-28 20:30:51.001000+00:00,672
2035-02-28 20:30:52.001000+00:00,670
2035-02-28 20:30:52.002000+00:00,662
2035-02-28 20:30:53+00:00,641
2035-02-28 20:30:53.001000+00:00,610
2035-02-28 20:30:54+00:00,637
2035-02-28 20:31:03.002000+00:00,755
2035-02-28 20:31:03.003000+00:00,667
2035-02-28 20:31:05.001000+00:00,633
2035-02-28 20:31:06.001000+00:00,642
2035-02-28 20:31:06.002000+00:00,662
2035-02-28 20:31:07.001000+00:00,621
2035-02-28 20:31:08+00:00,723
2035-02-28 20:31:08.001000+00:00,650
2035-02-28 20:31:09.001000+00:00,637
2035-02-28 20:31:10+00:00,655
2035-02-28 20:31:10.001000+00:00,657
2035-02-28 20:31:13+00:00,758
2035-02-28 20:31:15.002000+00:00,673
2035-02-28 20:31:16.001000+00:00,672
2035-02-28 20:31:18+00:00,672
2035-02-28 20:31:18.001000+00:00,671
2035-02-28 20:31:19.002000+00:00,667
2035-02-28 20:31:20.002000+00:00,623
2035-02-28 20:31:20.003000+00:00,682
2035-02-28 20:31:21+00:00,686
2035-02-28 20:31:22+00:00,684
2035-02-28 20:31:22.001000+00:00,701
2035-02-28 20:31:23+00:00,673
2035-02-28 20:31:24.001000+00:00,700
2035-02-28 20:31:34.001000+00:00,588
2035-02-28 20:31:41.002000+00:00,612
2035-02-28 20:31:41.003000+00:00,626
2035-02-28 20:31:42+00:00,611
2035-02-28 20:31:43+00:00,676
2035-02-28 20:31:43.001000+00:00,671
2035-02-28 20:31:44+00:00,661
2035-02-28 20:31:45.001000+00:00,651
2035-02-28 20:31:45.002000+00:00,613
2035-02-28 20:31:46+00:00,620
2035-02-28 20:31:47+00:00,624
2035-02-28 20:31:47.001000+00:00,638
2035-02-28 20:31:48+00:00,660
2035-02-28 20:31:48.001000+00:00,657
2035-02-28 20:31:49+00:00,649
2035-02-28 20:31:55+00:00,610
2035-02-28 20:32:05.001000+00:00,684
2035-02-28 20:32:05.002000+00:00,662
2035-02-28 20:32:06.002000+00:00,626
2035-02-28 20:32:07+00:00,647
2035-02-28 20:32:07.001000+00:00,684
2035-02-28 20:32:09.001000+00:00,713
2035-02-28 20:32:10.001000+00:00,1383
2035-02-28 20:32:11.002000+00:00,693
2035-02-28 20:32:12+00:00,658
2035-02-28 20:32:12.001000+00:00,709
2035-02-28 20:32:13+00:00,923
2035-02-28 20:32:14+00:00,737
2035-02-28 20:32:15+00:00,728
2035-02-28 20:32:16+00:00,665
2035-02-28 20:32:16.001000+00:00,718
2035-02-28 20:32:17.001000+00:00,681
2035-02-28 20:32:18+00:00,705
2035-02-28 20:32:18.001000+00:00,703
2035-02-28 20:32:19+00:00,756
2035-02-28 20:32:20+00:00,817
2035-02-28 20:32:21+00:00,772
2035-02-28 20:32:21.001000+00:00,729
2035-02-28 20:32:22.001000+00:00,698
2035-02-28 20:32:31.001000+00:00,622
2035-02-28 20:32:31.002000+00:00,648
2035-02-28 20:32:32.002000+00:00,713
2035-02-28 20:32:33.001000+00:00,777
2035-02-28 20:32:35+00:00,748
2035-02-28 20:32:35.001000+00:00,696
2035-02-28 20:32:36.001000+00:00,644
2035-02-28 20:32:37.002000+00:00,631
2035-02-28 20:32:37.003000+00:00,662
2035-02-28 20:32:38+00:00,700
2035-02-28 20:32:39.001000+00:00,730
2035-02-28 20:32:39.002000+00:00,770
2035-02-28 20:32:40+00:00,736
2035-02-28 20:32:41+00:00,1308
2035-02-28 20:32:41.001000+00:00,745
2035-02-28 20:32:42+00:00,663
2035-02-28 20:32:43+00:00,669
2035-02-28 20:32:43.001000+00:00,659
2035-02-28 20:32:45+00:00,1101
2035-02-28 20:33:31.003000+00:00,543
2035-02-28 20:33:33+00:00,566
2035-02-28 20:33:33.001000+00:00,538
2035-02-28 20:33:34+00:00,544
2035-02-28 20:33:45+00:00,1280
2035-02-28 20:34:15+00:00,1022
2035-02-28 20:34:20+00:00,512
2035-02-28 20:34:23+00:00,1100
2035-02-28 20:34:24+00:00,1077
2035-02-28 20:34:58+00:00,1282
2035-02-28 20:34:59+00:00,810
2035-02-28 20:35:00+00:00,1312
2035-02-28 20:35:57+00:00,776
2035-02-28 20:35:58+00:00,1198
2035-02-28 20:35:59+00:00,984
2035-02-28 20:36:42+00:00,922
2035-02-28 20:36:42.001000+00:00,696
2035-02-28 20:37:04+00:00,950
2035-02-28 20:37:49+00:00,1188
2035-02-28 20:39:28.001000+00:00,596
2035-02-28 20:39:32+00:00,898
2035-02-28 20:39:33+00:00,736
2035-02-28 20:39:33.001000+00:00,714
2035-02-28 20:39:34.001000+00:00,724
2035-02-28 20:39:35+00:00,702
2035-02-28 20:39:35.001000+00:00,682
2035-02-28 20:39:36.001000+00:00,658
2035-02-28 20:39:37+00:00,646
2035-02-28 20:39:37.001000+00:00,642
2035-02-28 20:40:13+00:00,684
2035-02-28 20:40:22+00:00,972
2035-02-28 20:40:23+00:00,732
2035-02-28 20:40:24+00:00,662
2035-02-28 20:40:24.001000+00:00,812
2035-02-28 20:40:31+00:00,730
2035-02-28 20:40:32+00:00,794
2035-02-28 20:40:46.001000+00:00,808
2035-02-28 20:40:55+00:00,798
2035-02-28 20:40:57+00:00,892
2035-02-28 20:41:23+00:00,920
2035-02-28 20:42:16+00:00,744
2035-02-28 20:43:19.001000+00:00,962
2035-02-28 20:43:59.001000+00:00,730
2035-02-28 20:44:42.001000+00:00,758
2035-02-28 20:44:43+00:00,908
2035-02-28 20:44:44+00:00,706
2035-02-28 20:44:44.001000+00:00,816
2035-02-28 20:55:26+00:00,504
2035-02-28 20:55:36+00:00,964
2035-02-28 20:55:36.001000+00:00,504
2035-02-28 20:55:37+00:00,814
2035-02-28 20:55:38.002000+00:00,612
2035-02-28 20:55:40.002000+00:00,514
2035-02-28 20:55:42+00:00,516
2035-02-28 20:55:42.001000+00:00,506
2035-02-28 20:55:43.002000+00:00,538
2035-02-28 20:55:44.002000+00:00,530
2035-02-28 20:55:44.003000+00:00,508
2035-02-28 20:55:45.002000+00:00,516
2035-02-28 20:55:47+00:00,552
2035-02-28 20:55:48.002000+00:00,976
2035-02-28 20:55:49.002000+00:00,522
2035-02-28 20:55:50.002000+00:00,502
2035-02-28 20:55:51.002000+00:00,516
2035-02-28 20:55:51.003000+00:00,530
2035-02-28 20:55:52.002000+00:00,1520
2035-02-28 20:55:52.003000+00:00,522
2035-02-28 20:55:53.002000+00:00,502
2035-02-28 20:55:53.003000+00:00,520
2035-02-28 20:55:55.001000+00:00,518
2035-02-28 20:55:56.002000+00:00,536
2035-02-28 20:55:57+00:00,512
2035-02-28 20:55:58.001000+00:00,1576
2035-02-28 20:55:58.002000+00:00,512
2035-02-28 20:56:00.002000+00:00,504
2035-02-28 20:56:00.003000+00:00,520
2035-02-28 20:56:01.002000+00:00,528
2035-02-28 20:56:02+00:00,510
2035-02-28 20:56:02.001000+00:00,540
2035-02-28 20:56:03.002000+00:00,526
2035-02-28 20:56:03.003000+00:00,508
2035-02-28 20:56:04.002000+00:00,512
2035-02-28 20:56:05.001000+00:00,1566
2035-02-28 20:56:06.001000+00:00,540
2035-02-28 20:56:07+00:00,1024
2035-02-28 20:56:07.001000+00:00,538
2035-02-28 20:56:08.002000+00:00,532
2035-02-28 20:56:09.002000+00:00,1546
2035-02-28 20:56:10.002000+00:00,524
2035-02-28 20:56:10.003000+00:00,532
2035-02-28 20:56:11.002000+00:00,522
2035-02-28 20:56:11.003000+00:00,524
2035-02-28 20:56:12+00:00,512
2035-02-28 20:56:12.001000+00:00,512
2035-02-28 20:56:13.002000+00:00,530
2035-02-28 20:56:14+00:00,542
2035-02-28 20:56:14.001000+00:00,522
2035-02-28 20:56:15.002000+00:00,536
2035-02-28 20:56:15.003000+00:00,512
2035-02-28 20:56:16.002000+00:00,544
2035-02-28 20:56:19.002000+00:00,596
2035-02-28 20:56:19.003000+00:00,524
2035-02-28 20:56:21+00:00,1016
2035-02-28 20:56:22+00:00,508
2035-02-28 20:56:22.001000+00:00,508
2035-02-28 20:56:23.003000+00:00,534
2035-02-28 20:56:24.002000+00:00,546
2035-02-28 20:56:24.003000+00:00,558
2035-02-28 20:56:25.001000+00:00,552
2035-02-28 20:56:25.002000+00:00,532
2035-02-28 20:56:26.002000+00:00,524
2035-02-28 20:56:26.003000+00:00,530
2035-02-28 20:56:27+00:00,536
2035-02-28 20:56:27.001000+00:00,536
2035-02-28 20:56:28.002000+00:00,526
2035-02-28 20:56:28.003000+00:00,558
2035-02-28 20:56:29.004000+00:00,554
2035-02-28 20:56:30+00:00,542
2035-02-28 20:56:30.001000+00:00,520
2035-02-28 20:56:31.001000+00:00,510
2035-02-28 20:56:31.002000+00:00,536
2035-02-28 20:56:32+00:00,522
2035-02-28 20:56:32.001000+00:00,564
2035-02-28 20:56:33.004000+00:00,550
2035-02-28 20:56:33.005000+00:00,562
2035-02-28 20:56:34+00:00,540
2035-02-28 20:56:34.001000+00:00,544
2035-02-28 20:56:35.001000+00:00,524
2035-02-28 20:56:35.002000+00:00,552
2035-02-28 20:56:36.002000+00:00,544
2035-02-28 20:56:37+00:00,554
2035-02-28 20:56:37.001000+00:00,568
2035-02-28 20:56:38+00:00,558
2035-02-28 20:56:38.001000+00:00,548
2035-02-28 20:56:39.002000+00:00,1118
2035-02-28 20:56:40.002000+00:00,554
2035-02-28 20:56:40.003000+00:00,560
2035-02-28 20:56:41.001000+00:00,572
2035-02-28 20:56:42+00:00,588
2035-02-28 20:56:42.001000+00:00,584
2035-02-28 20:56:43+00:00,560
2035-02-28 20:56:43.001000+00:00,552
2035-02-28 20:56:44+00:00,532
2035-02-28 20:56:44.001000+00:00,558
2035-02-28 20:56:45.001000+00:00,546
2035-02-28 20:56:46+00:00,1100
2035-02-28 20:56:47+00:00,534
2035-02-28 20:56:47.001000+00:00,508
2035-02-28 20:56:48+00:00,584
2035-02-28 20:56:48.001000+00:00,544
2035-02-28 20:56:49.004000+00:00,544
2035-02-28 20:56:49.005000+00:00,522
2035-02-28 20:56:50.002000+00:00,556
2035-02-28 20:56:50.003000+00:00,550
2035-02-28 20:56:55+00:00,540
2035-02-28 20:56:55.001000+00:00,548
2035-02-28 20:56:56.002000+00:00,538
2035-02-28 20:56:56.003000+00:00,550
2035-02-28 20:56:57+00:00,548
2035-02-28 20:56:58.002000+00:00,568
2035-02-28 20:56:58.003000+00:00,552
2035-02-28 20:56:59.002000+00:00,540
2035-02-28 20:56:59.003000+00:00,554
2035-02-28 20:57:00+00:00,564
2035-02-28 20:57:00.001000+00:00,574
2035-02-28 20:57:01.001000+00:00,566
2035-02-28 20:57:05.003000+00:00,568
2035-02-28 20:57:07+00:00,558
2035-02-28 20:57:08.001000+00:00,564
2035-02-28 20:57:08.002000+00:00,574
2035-02-28 20:57:09+00:00,556
2035-02-28 20:57:09.001000+00:00,542
2035-02-28 20:57:10+00:00,590
2035-02-28 20:57:10.001000+00:00,560
2035-02-28 20:57:16.001000+00:00,1122
2035-02-28 20:57:16.002000+00:00,520
2035-02-28 20:57:17+00:00,572
2035-02-28 20:57:20+00:00,564
2035-02-28 20:57:20.001000+00:00,558
2035-02-28 20:57:22+00:00,584
2035-02-28 20:57:22.001000+00:00,598
2035-02-28 20:57:23.002000+00:00,582
2035-02-28 20:57:24+00:00,612
2035-02-28 20:57:25.001000+00:00,578
2035-02-28 20:57:25.002000+00:00,582
2035-02-28 20:57:26.002000+00:00,586
2035-02-28 20:57:26.003000+00:00,582
2035-02-28 20:57:27+00:00,548
2035-02-28 20:57:28+00:00,544
2035-02-28 20:57:28.001000+00:00,564
2035-02-28 20:57:29.003000+00:00,556
2035-02-28 20:57:30.002000+00:00,1132
2035-02-28 20:57:30.003000+00:00,572
2035-02-28 20:57:31+00:00,550
2035-02-28 20:57:31.001000+00:00,548
2035-02-28 20:57:32+00:00,568
2035-02-28 20:57:33.003000+00:00,568
2035-02-28 20:57:33.004000+00:00,560
2035-02-28 20:57:34.002000+00:00,606
2035-02-28 20:57:34.003000+00:00,584
2035-02-28 20:57:35.002000+00:00,556
2035-02-28 20:57:35.003000+00:00,548
2035-02-28 20:57:36+00:00,574
2035-02-28 20:57:37+00:00,568
2035-02-28 20:57:37.001000+00:00,580
2035-02-28 20:57:38.002000+00:00,576
2035-02-28 20:57:38.003000+00:00,556
2035-02-28 20:57:39+00:00,546
2035-02-28 20:57:39.001000+00:00,546
2035-02-28 20:57:40+00:00,558
2035-02-28 20:57:41+00:00,560
2035-02-28 20:57:41.001000+00:00,584
2035-02-28 20:57:42+00:00,562
2035-02-28 20:57:43+00:00,564
2035-02-28 20:57:45.001000+00:00,600
2035-02-28 20:57:46+00:00,1188
2035-02-28 20:57:47+00:00,552
2035-02-28 20:57:47.001000+00:00,568
2035-02-28 20:57:48+00:00,568
2035-02-28 20:57:49.001000+00:00,562
2035-02-28 20:57:49.002000+00:00,568
2035-02-28 20:57:50.001000+00:00,582
2035-02-28 20:57:50.002000+00:00,582
2035-02-28 20:57:51+00:00,556
2035-02-28 20:57:51.001000+00:00,574
2035-02-28 20:57:52+00:00,554
2035-02-28 20:57:52.001000+00:00,560
2035-02-28 20:57:53+00:00,572
2035-02-28 20:57:54+00:00,590
2035-02-28 20:57:55+00:00,956
2035-02-28 20:57:55.001000+00:00,836
2035-02-28 20:57:56+00:00,1758
2035-02-28 20:57:58.001000+00:00,586
2035-02-28 20:57:58.002000+00:00,554
2035-02-28 20:58:00.002000+00:00,1680
2035-02-28 20:58:01+00:00,542
2035-02-28 20:58:01.001000+00:00,544
2035-02-28 20:58:02+00:00,568
2035-02-28 20:58:02.001000+00:00,532
2035-02-28 20:58:03.002000+00:00,554
2035-02-28 20:58:03.003000+00:00,530
2035-02-28 20:58:04.002000+00:00,538
2035-02-28 20:58:04.003000+00:00,536
2035-02-28 20:58:05.001000+00:00,572
2035-02-28 20:58:06+00:00,590
2035-02-28 20:58:06.001000+00:00,608
2035-02-28 20:58:07+00:00,608
2035-02-28 20:58:07.001000+00:00,622
2035-02-28 20:58:08.002000+00:00,582
2035-02-28 20:58:09.001000+00:00,602
2035-02-28 20:58:09.002000+00:00,582
2035-02-28 20:58:10.002000+00:00,614
2035-02-28 20:58:10.003000+00:00,582
2035-02-28 20:58:11+00:00,594
2035-02-28 20:58:12+00:00,590
2035-02-28 20:58:12.001000+00:00,538
2035-02-28 20:58:13.001000+00:00,630
2035-02-28 20:58:13.002000+00:00,518
2035-02-28 20:58:14.002000+00:00,600
2035-02-28 20:58:14.003000+00:00,586
2035-02-28 20:58:15.002000+00:00,572
2035-02-28 20:58:16+00:00,584
2035-02-28 20:58:16.001000+00:00,546
2035-02-28 20:58:19+00:00,596
2035-02-28 20:58:20+00:00,604
2035-02-28 20:58:20.001000+00:00,626
2035-02-28 20:58:21+00:00,584
2035-02-28 20:58:21.001000+00:00,572
2035-02-28 20:58:22+00:00,568
2035-02-28 20:58:23.001000+00:00,552
2035-02-28 20:58:23.002000+00:00,582
2035-02-28 20:58:24+00:00,614
2035-02-28 20:58:24.001000+00:00,580
2035-02-28 20:58:25+00:00,546
2035-02-28 20:58:25.001000+00:00,594
2035-02-28 20:58:26+00:00,572
2035-02-28 20:58:27+00:00,1168
2035-02-28 20:58:28.001000+00:00,620
2035-02-28 20:58:28.002000+00:00,572
2035-02-28 20:58:29.001000+00:00,536
2035-02-28 20:58:30.001000+00:00,618
2035-02-28 20:58:30.002000+00:00,590
2035-02-28 20:58:31+00:00,566
2035-02-28 20:58:31.001000+00:00,616
2035-02-28 20:58:32+00:00,550
2035-02-28 20:58:32.001000+00:00,604
2035-02-28 20:58:33+00:00,590
2035-02-28 20:58:34+00:00,592
2035-02-28 20:58:34.001000+00:00,574
2035-02-28 20:58:35+00:00,582
2035-02-28 20:58:35.001000+00:00,580
2035-02-28 20:58:39+00:00,574
2035-02-28 20:58:39.001000+00:00,612
2035-02-28 20:58:44+00:00,586
2035-02-28 20:58:45+00:00,618
2035-02-28 20:58:57.001000+00:00,576
2035-02-28 20:58:58+00:00,576
2035-02-28 20:58:58.001000+00:00,578
2035-02-28 20:58:59+00:00,594
2035-02-28 20:58:59.001000+00:00,598
2035-02-28 20:59:00.002000+00:00,594
2035-02-28 20:59:07+00:00,592
2035-02-28 20:59:08.003000+00:00,592
2035-02-28 20:59:08.004000+00:00,604
2035-02-28 20:59:09.002000+00:00,580
2035-02-28 20:59:10.001000+00:00,590
2035-02-28 20:59:10.002000+00:00,628
2035-02-28 20:59:12+00:00,572
2035-02-28 20:59:13.001000+00:00,1192
2035-02-28 20:59:13.002000+00:00,572
2035-02-28 20:59:14.002000+00:00,586
2035-02-28 20:59:15+00:00,580
2035-02-28 20:59:15.001000+00:00,580
2035-02-28 20:59:16.002000+00:00,586
2035-02-28 20:59:16.003000+00:00,612
2035-02-28 20:59:17+00:00,588
2035-02-28 20:59:18.002000+00:00,598
2035-02-28 20:59:18.003000+00:00,626
2035-02-28 20:59:19+00:00,622
2035-02-28 20:59:19.001000+00:00,632
2035-02-28 20:59:20.003000+00:00,628
2035-02-28 20:59:21+00:00,592
2035-02-28 20:59:21.001000+00:00,608
2035-02-28 20:59:22+00:00,602
2035-02-28 20:59:23+00:00,600
2035-02-28 20:59:23.001000+00:00,590
2035-02-28 20:59:25.002000+00:00,1750
2035-02-28 20:59:25.003000+00:00,580
2035-02-28 20:59:26+00:00,560
2035-02-28 20:59:27+00:00,594
2035-02-28 20:59:27.001000+00:00,598
2035-02-28 20:59:28+00:00,584
2035-02-28 20:59:28.001000+00:00,584
2035-02-28 21:00:13.002000+00:00,540
2035-02-28 21:00:13.003000+00:00,542
2035-02-28 21:00:14.002000+00:00,518
2035-02-28 21:00:14.003000+00:00,510
2035-02-28 21:00:15.001000+00:00,524
2035-02-28 21:00:15.002000+00:00,514
2035-02-28 21:00:16.001000+00:00,512
2035-02-28 21:00:16.002000+00:00,520
2035-02-28 21:00:17+00:00,520
2035-02-28 21:00:17.001000+00:00,508
2035-02-28 21:00:18+00:00,512
2035-02-28 21:00:18.001000+00:00,514
2035-02-28 21:00:28.002000+00:00,536
2035-02-28 21:00:29+00:00,544
2035-02-28 21:00:29.001000+00:00,540
2035-02-28 21:00:30+00:00,530
2035-02-28 21:00:30.001000+00:00,540
2035-02-28 21:00:31+00:00,558
2035-02-28 21:00:31.001000+00:00,564
2035-02-28 21:00:32+00:00,536
2035-02-28 21:00:35+00:00,526
2035-02-28 21:00:36+00:00,574
2035-02-28 21:00:45+00:00,886
2035-02-28 21:00:46.001000+00:00,880
2035-02-28 21:00:47+00:00,780
2035-02-28 21:00:47.001000+00:00,502
2035-02-28 21:00:48+00:00,1728
2035-02-28 21:00:49+00:00,1064
2035-02-28 21:01:47.002000+00:00,798
2035-02-28 21:02:08+00:00,966
2035-02-28 21:02:09+00:00,1032
2035-02-28 21:02:10+00:00,960
2035-02-28 21:02:31+00:00,962
2035-02-28 21:02:33+00:00,1032
2035-02-28 21:02:33.001000+00:00,568
2035-02-28 21:02:36+00:00,742
2035-02-28 21:02:38+00:00,614
2035-02-28 21:02:39+00:00,754
2035-02-28 21:02:40+00:00,1600
2035-02-28 21:02:41+00:00,1038
2035-02-28 21:02:46+00:00,1064
2035-02-28 21:02:48.001000+00:00,770
2035-02-28 21:02:48.002000+00:00,798
2035-02-28 21:02:49.001000+00:00,992
2035-02-28 21:02:50+00:00,1048
2035-02-28 21:02:51.001000+00:00,546
2035-02-28 21:02:52+00:00,846
2035-02-28 21:02:53.001000+00:00,718
2035-02-28 21:02:54+00:00,794
2035-02-28 21:02:55.001000+00:00,872
2035-02-28 21:02:56+00:00,1032
2035-02-28 21:02:57+00:00,954
2035-02-28 21:02:59+00:00,596
2035-02-28 21:03:01+00:00,1006
2035-02-28 21:03:02+00:00,660
2035-02-28 21:03:03+00:00,868
2035-02-28 21:03:04+00:00,1746
2035-02-28 21:03:04.001000+00:00,574
2035-02-28 21:03:06+00:00,1684
2035-02-28 21:03:08.001000+00:00,918
2035-02-28 21:06:51+00:00,982
2035-02-28 21:06:53+00:00,1036
2035-02-28 21:06:54+00:00,1040
2035-02-28 21:07:50+00:00,528
2035-02-28 21:07:51.002000+00:00,536
2035-02-28 21:07:51.003000+00:00,544
2035-02-28 21:07:52.002000+00:00,540
2035-02-28 21:07:52.003000+00:00,548
2035-02-28 21:07:53+00:00,568
2035-02-28 21:07:53.001000+00:00,586
2035-02-28 21:07:54+00:00,592
2035-02-28 21:07:59.003000+00:00,528
2035-02-28 21:07:59.004000+00:00,532
2035-02-28 21:08:00.002000+00:00,588
2035-02-28 21:08:01+00:00,660
2035-02-28 21:08:02.001000+00:00,1242
2035-02-28 21:08:03+00:00,674
2035-02-28 21:08:03.001000+00:00,596
2035-02-28 21:08:04+00:00,588
2035-02-28 21:08:04.001000+00:00,590
2035-02-28 21:08:05+00:00,600
2035-02-28 21:08:21.002000+00:00,580
2035-02-28 21:08:29+00:00,538
2035-02-28 21:08:30+00:00,560
2035-02-28 21:08:53+00:00,632
2035-02-28 21:08:53.001000+00:00,654
2035-02-28 21:08:54.002000+00:00,646
2035-02-28 21:08:55.001000+00:00,640
2035-02-28 21:08:55.002000+00:00,638
2035-02-28 21:08:56.002000+00:00,588
2035-02-28 21:08:56.003000+00:00,602
2035-02-28 21:08:57.001000+00:00,602
2035-02-28 21:08:58+00:00,608
2035-02-28 21:08:58.001000+00:00,622
2035-02-28 21:08:59.002000+00:00,614
2035-02-28 21:08:59.003000+00:00,598
2035-02-28 21:09:00.001000+00:00,606
2035-02-28 21:09:01.002000+00:00,640
2035-02-28 21:09:01.003000+00:00,652
2035-02-28 21:09:02.002000+00:00,658
2035-02-28 21:09:03+00:00,638
2035-02-28 21:09:03.001000+00:00,614
2035-02-28 21:09:04.002000+00:00,606
2035-02-28 21:09:05.001000+00:00,618
2035-02-28 21:09:05.002000+00:00,624
2035-02-28 21:09:06.002000+00:00,616
2035-02-28 21:09:06.003000+00:00,596
2035-02-28 21:09:07.001000+00:00,586
2035-02-28 21:09:08+00:00,600
2035-02-28 21:09:08.001000+00:00,624
2035-02-28 21:09:09.001000+00:00,654
2035-02-28 21:09:09.002000+00:00,658
2035-02-28 21:09:10.002000+00:00,652
2035-02-28 21:09:11.001000+00:00,666
2035-02-28 21:09:11.002000+00:00,684
2035-02-28 21:09:12.002000+00:00,682
2035-02-28 21:09:13+00:00,648
2035-02-28 21:09:13.001000+00:00,630
2035-02-28 21:09:14.002000+00:00,622
2035-02-28 21:09:15.001000+00:00,630
2035-02-28 21:09:15.002000+00:00,628
2035-02-28 21:09:16.002000+00:00,628
2035-02-28 21:09:17.002000+00:00,602
2035-02-28 21:09:17.003000+00:00,598
2035-02-28 21:09:20.001000+00:00,606
2035-02-28 21:09:20.002000+00:00,602
2035-02-28 21:09:21+00:00,590
2035-02-28 21:09:21.001000+00:00,594
2035-02-28 21:09:22+00:00,590
2035-02-28 21:09:23+00:00,598
2035-02-28 21:09:23.001000+00:00,632
2035-02-28 21:09:24+00:00,644
2035-02-28 21:09:34.001000+00:00,710
2035-02-28 21:09:34.002000+00:00,654
2035-02-28 21:09:35.002000+00:00,672
2035-02-28 21:09:36.001000+00:00,644
2035-02-28 21:09:36.002000+00:00,630
2035-02-28 21:09:38+00:00,616
2035-02-28 21:09:39.001000+00:00,598
2035-02-28 21:09:39.002000+00:00,596
2035-02-28 21:09:40.001000+00:00,610
2035-02-28 21:09:40.002000+00:00,612
2035-02-28 21:09:41.001000+00:00,616
2035-02-28 21:09:42+00:00,608
2035-02-28 21:09:42.001000+00:00,612
2035-02-28 21:09:43+00:00,640
2035-02-28 21:09:44+00:00,684
2035-02-28 21:09:44.001000+00:00,730
2035-02-28 21:09:45.002000+00:00,688
2035-02-28 21:09:46.001000+00:00,650
2035-02-28 21:09:46.002000+00:00,640
2035-02-28 21:09:47+00:00,638
2035-02-28 21:09:48+00:00,634
2035-02-28 21:09:48.001000+00:00,620
2035-02-28 21:09:49.002000+00:00,610
2035-02-28 21:09:49.003000+00:00,602
2035-02-28 21:09:50.001000+00:00,612
2035-02-28 21:09:51.002000+00:00,632
2035-02-28 21:09:51.003000+00:00,666
2035-02-28 21:09:52+00:00,640
2035-02-28 21:09:53+00:00,640
2035-02-28 21:09:53.001000+00:00,696
2035-02-28 21:09:54.002000+00:00,694
2035-02-28 21:09:55.001000+00:00,654
2035-02-28 21:09:55.002000+00:00,628
2035-02-28 21:09:56.001000+00:00,628
2035-02-28 21:09:56.002000+00:00,638
2035-02-28 21:09:57+00:00,650
2035-02-28 21:09:58+00:00,594
2035-02-28 21:09:58.001000+00:00,652
2035-02-28 21:09:59+00:00,600
2035-02-28 21:10:00.002000+00:00,598
2035-02-28 21:10:00.003000+00:00,604
2035-02-28 21:10:01+00:00,566
2035-02-28 21:10:01.001000+00:00,570
2035-02-28 21:10:02+00:00,574
2035-02-28 21:10:02.001000+00:00,556
2035-02-28 21:10:03+00:00,558
2035-02-28 21:10:04.002000+00:00,614
2035-02-28 21:10:04.003000+00:00,694
2035-02-28 21:10:05.001000+00:00,1026
2035-02-28 21:10:06.001000+00:00,888
2035-02-28 21:10:07.002000+00:00,708
2035-02-28 21:10:08+00:00,720
2035-02-28 21:10:08.001000+00:00,640
2035-02-28 21:10:09+00:00,602
2035-02-28 21:10:10.001000+00:00,598
2035-02-28 21:10:10.002000+00:00,606
2035-02-28 21:10:11.001000+00:00,630
2035-02-28 21:10:11.002000+00:00,640
2035-02-28 21:10:12+00:00,648
2035-02-28 21:10:13+00:00,656
2035-02-28 21:10:13.001000+00:00,658
2035-02-28 21:10:14.002000+00:00,696
2035-02-28 21:10:15+00:00,1404
2035-02-28 21:10:16.002000+00:00,1208
2035-02-28 21:10:16.003000+00:00,624
2035-02-28 21:10:17.001000+00:00,636
2035-02-28 21:10:19.001000+00:00,630
2035-02-28 21:10:19.002000+00:00,608
2035-02-28 21:10:20.002000+00:00,598
2035-02-28 21:10:20.003000+00:00,604
2035-02-28 21:10:21.001000+00:00,612
2035-02-28 21:10:22.001000+00:00,622
2035-02-28 21:10:22.002000+00:00,614
2035-02-28 21:10:23+00:00,608
2035-02-28 21:10:23.001000+00:00,640
2035-02-28 21:10:24.001000+00:00,640
2035-02-28 21:10:25.001000+00:00,638
2035-02-28 21:10:25.002000+00:00,622
2035-02-28 21:10:26+00:00,624
2035-02-28 21:10:27.002000+00:00,634
2035-02-28 21:10:27.003000+00:00,648
2035-02-28 21:10:28+00:00,652
2035-02-28 21:10:29+00:00,640
2035-02-28 21:10:29.001000+00:00,634
2035-02-28 21:10:30.001000+00:00,636
2035-02-28 21:10:30.002000+00:00,638
2035-02-28 21:10:31+00:00,650
2035-02-28 21:10:32.001000+00:00,634
2035-02-28 21:10:32.002000+00:00,622
2035-02-28 21:10:33+00:00,620
2035-02-28 21:10:39.001000+00:00,616
2035-02-28 21:10:40.002000+00:00,604
2035-02-28 21:10:40.003000+00:00,642
2035-02-28 21:10:41.001000+00:00,610
2035-02-28 21:10:42.002000+00:00,622
2035-02-28 21:10:42.003000+00:00,618
2035-02-28 21:10:43+00:00,658
2035-02-28 21:10:44+00:00,634
2035-02-28 21:10:44.001000+00:00,618
2035-02-28 21:10:45.001000+00:00,650
2035-02-28 21:10:45.002000+00:00,646
2035-02-28 21:10:46.002000+00:00,654
2035-02-28 21:10:47.001000+00:00,640
2035-02-28 21:10:47.002000+00:00,628
2035-02-28 21:10:48+00:00,630
2035-02-28 21:10:49.001000+00:00,642
2035-02-28 21:10:49.002000+00:00,648
2035-02-28 21:10:50.001000+00:00,638
2035-02-28 21:10:51.002000+00:00,634
2035-02-28 21:10:51.003000+00:00,628
2035-02-28 21:10:52.001000+00:00,648
2035-02-28 21:10:53+00:00,664
2035-02-28 21:10:53.001000+00:00,664
2035-02-28 21:10:54.001000+00:00,662
2035-02-28 21:10:55.002000+00:00,658
2035-02-28 21:10:55.003000+00:00,662
2035-02-28 21:10:56.002000+00:00,660
2035-02-28 21:10:56.003000+00:00,646
2035-02-28 21:10:57.001000+00:00,632
2035-02-28 21:10:58+00:00,632
2035-02-28 21:10:58.001000+00:00,630
2035-02-28 21:10:59.002000+00:00,638
2035-02-28 21:11:00+00:00,634
2035-02-28 21:11:00.001000+00:00,626
2035-02-28 21:11:01.001000+00:00,616
2035-02-28 21:11:02.002000+00:00,618
2035-02-28 21:11:02.003000+00:00,624
2035-02-28 21:11:03+00:00,660
2035-02-28 21:11:03.001000+00:00,648
2035-02-28 21:11:04.001000+00:00,644
2035-02-28 21:11:05.002000+00:00,630
2035-02-28 21:11:05.003000+00:00,646
2035-02-28 21:11:06.001000+00:00,650
2035-02-28 21:11:07.002000+00:00,648
2035-02-28 21:11:07.003000+00:00,628
2035-02-28 21:11:08+00:00,620
2035-02-28 21:11:09.002000+00:00,622
2035-02-28 21:11:09.003000+00:00,628
2035-02-28 21:11:10.001000+00:00,642
2035-02-28 21:11:10.002000+00:00,646
2035-02-28 21:11:11.002000+00:00,642
2035-02-28 21:11:12.002000+00:00,644
2035-02-28 21:11:12.003000+00:00,682
2035-02-28 21:11:13+00:00,694
2035-02-28 21:11:14.001000+00:00,686
2035-02-28 21:11:14.002000+00:00,666
2035-02-28 21:11:15.002000+00:00,660
2035-02-28 21:11:16.001000+00:00,662
2035-02-28 21:11:16.002000+00:00,658
2035-02-28 21:11:17.003000+00:00,640
2035-02-28 21:11:18+00:00,624
2035-02-28 21:11:18.001000+00:00,630
2035-02-28 21:11:19.002000+00:00,638
2035-02-28 21:11:20.002000+00:00,650
2035-02-28 21:11:20.003000+00:00,660
2035-02-28 21:11:21+00:00,662
2035-02-28 21:11:22.002000+00:00,670
2035-02-28 21:11:22.003000+00:00,702
2035-02-28 21:11:23+00:00,700
2035-02-28 21:11:24.002000+00:00,676
2035-02-28 21:11:24.003000+00:00,710
2035-02-28 21:11:25.001000+00:00,608
2035-02-28 21:11:26.001000+00:00,670
2035-02-28 21:11:26.002000+00:00,644
2035-02-28 21:11:27.002000+00:00,636
2035-02-28 21:11:28+00:00,628
2035-02-28 21:11:28.001000+00:00,640
2035-02-28 21:11:29.002000+00:00,656
2035-02-28 21:11:30+00:00,656
2035-02-28 21:11:30.001000+00:00,654
2035-02-28 21:11:31.002000+00:00,670
2035-02-28 21:11:32+00:00,704
2035-02-28 21:11:32.001000+00:00,712
2035-02-28 21:11:33+00:00,698
2035-02-28 21:11:34.001000+00:00,658
2035-02-28 21:11:34.002000+00:00,662
2035-02-28 21:11:35.001000+00:00,666
2035-02-28 21:11:36+00:00,664
2035-02-28 21:11:36.001000+00:00,654
2035-02-28 21:11:37.002000+00:00,636
2035-02-28 21:11:38+00:00,624
2035-02-28 21:11:38.001000+00:00,646
2035-02-28 21:11:39.001000+00:00,646
2035-02-28 21:11:39.002000+00:00,654
2035-02-28 21:11:40+00:00,638
2035-02-28 21:11:41.002000+00:00,638
2035-02-28 21:11:41.003000+00:00,664
2035-02-28 21:11:42.001000+00:00,674
2035-02-28 21:11:43+00:00,672
2035-02-28 21:11:43.001000+00:00,648
2035-02-28 21:11:44.001000+00:00,642
2035-02-28 21:11:45.002000+00:00,656
2035-02-28 21:11:45.003000+00:00,650
2035-02-28 21:11:46.002000+00:00,644
2035-02-28 21:11:47+00:00,624
2035-02-28 21:11:47.001000+00:00,628
2035-02-28 21:11:48+00:00,652
2035-02-28 21:11:49.001000+00:00,658
2035-02-28 21:11:49.002000+00:00,662
2035-02-28 21:11:50.001000+00:00,654
2035-02-28 21:11:51+00:00,670
2035-02-28 21:11:51.001000+00:00,692
2035-02-28 21:11:52+00:00,702
2035-02-28 21:11:53+00:00,666
2035-02-28 21:11:53.001000+00:00,646
2035-02-28 21:11:54.002000+00:00,654
2035-02-28 21:11:55.001000+00:00,648
2035-02-28 21:11:55.002000+00:00,636
2035-02-28 21:11:56.002000+00:00,626
2035-02-28 21:11:56.003000+00:00,612
2035-02-28 21:11:57.001000+00:00,622
2035-02-28 21:11:58+00:00,610
2035-02-28 21:11:58.001000+00:00,610
2035-02-28 21:11:59+00:00,638
2035-02-28 21:12:00+00:00,690
2035-02-28 21:12:00.001000+00:00,720
2035-02-28 21:12:01+00:00,700
2035-02-28 21:12:02.002000+00:00,682
2035-02-28 21:12:02.003000+00:00,672
2035-02-28 21:12:03+00:00,686
2035-02-28 21:12:04.002000+00:00,672
2035-02-28 21:12:04.003000+00:00,650
2035-02-28 21:12:05.001000+00:00,638
2035-02-28 21:12:06.002000+00:00,630
2035-02-28 21:12:06.003000+00:00,648
2035-02-28 21:12:07+00:00,668
2035-02-28 21:12:12.001000+00:00,664
2035-02-28 21:12:12.002000+00:00,650
2035-02-28 21:12:14.002000+00:00,656
2035-02-28 21:12:15+00:00,658
2035-02-28 21:12:15.001000+00:00,664
2035-02-28 21:12:16.002000+00:00,586
2035-02-28 21:12:17.001000+00:00,654
2035-02-28 21:12:17.002000+00:00,606
2035-02-28 21:12:18+00:00,640
2035-02-28 21:12:19+00:00,632
2035-02-28 21:12:19.001000+00:00,632
2035-02-28 21:12:20+00:00,616
2035-02-28 21:12:20.001000+00:00,680
2035-02-28 21:12:21+00:00,708
2035-02-28 21:12:22+00:00,1352
2035-02-28 21:12:22.001000+00:00,658
2035-02-28 21:12:23.002000+00:00,620
2035-02-28 21:12:24+00:00,694
2035-02-28 21:12:24.001000+00:00,640
2035-02-28 21:12:25.002000+00:00,662
2035-02-28 21:12:25.003000+00:00,632
2035-02-28 21:12:27.002000+00:00,622
2035-02-28 21:12:28+00:00,636
2035-02-28 21:12:28.001000+00:00,636
2035-02-28 21:12:29.002000+00:00,660
2035-02-28 21:12:30.002000+00:00,628
2035-02-28 21:12:30.003000+00:00,650
2035-02-28 21:12:31.001000+00:00,678
2035-02-28 21:12:32.001000+00:00,692
2035-02-28 21:12:32.002000+00:00,674
2035-02-28 21:12:33+00:00,658
2035-02-28 21:12:34.001000+00:00,650
2035-02-28 21:12:34.002000+00:00,644
2035-02-28 21:12:35.002000+00:00,644
2035-02-28 21:12:36.001000+00:00,634
2035-02-28 21:12:36.002000+00:00,628
2035-02-28 21:12:37+00:00,628
2035-02-28 21:12:37.001000+00:00,654
2035-02-28 21:12:38+00:00,696
2035-02-28 21:12:39+00:00,720
2035-02-28 21:12:40.002000+00:00,678
2035-02-28 21:12:40.003000+00:00,666
2035-02-28 21:12:41.001000+00:00,674
2035-02-28 21:12:42.002000+00:00,672
2035-02-28 21:12:42.003000+00:00,672
2035-02-28 21:12:43+00:00,642
2035-02-28 21:12:44.001000+00:00,632
2035-02-28 21:12:44.002000+00:00,640
2035-02-28 21:12:45.002000+00:00,640
2035-02-28 21:12:45.003000+00:00,636
2035-02-28 21:12:46+00:00,612
2035-02-28 21:12:47.001000+00:00,628
2035-02-28 21:12:47.002000+00:00,628
2035-02-28 21:12:48+00:00,664
2035-02-28 21:12:49.002000+00:00,664
2035-02-28 21:12:49.003000+00:00,654
2035-02-28 21:12:50.001000+00:00,648
2035-02-28 21:12:51.002000+00:00,662
2035-02-28 21:12:51.003000+00:00,678
2035-02-28 21:12:52.001000+00:00,656
2035-02-28 21:12:53+00:00,648
2035-02-28 21:12:53.001000+00:00,656
2035-02-28 21:12:54+00:00,640
2035-02-28 21:12:55.001000+00:00,730
2035-02-28 21:12:56.001000+00:00,622
2035-02-28 21:12:56.002000+00:00,596
2035-02-28 21:12:57+00:00,612
2035-02-28 21:12:58+00:00,644
2035-02-28 21:12:58.001000+00:00,702
2035-02-28 21:12:59+00:00,700
2035-02-28 21:13:00.002000+00:00,670
2035-02-28 21:13:00.003000+00:00,640
2035-02-28 21:13:01.002000+00:00,666
2035-02-28 21:13:02+00:00,640
2035-02-28 21:13:02.001000+00:00,656
2035-02-28 21:13:04+00:00,634
2035-02-28 21:13:04.001000+00:00,630
2035-02-28 21:13:06+00:00,652
2035-02-28 21:13:07.001000+00:00,628
2035-02-28 21:13:07.002000+00:00,612
2035-02-28 21:13:08+00:00,696
2035-02-28 21:13:09.002000+00:00,664
2035-02-28 21:13:09.003000+00:00,648
2035-02-28 21:13:10.001000+00:00,650
2035-02-28 21:13:11.001000+00:00,1040
2035-02-28 21:13:12.001000+00:00,940
2035-02-28 21:13:13+00:00,618
2035-02-28 21:13:13.001000+00:00,662
2035-02-28 21:13:14+00:00,552
2035-02-28 21:13:14.001000+00:00,738
2035-02-28 21:13:15+00:00,664
2035-02-28 21:13:16+00:00,666
2035-02-28 21:13:16.001000+00:00,640
2035-02-28 21:13:17+00:00,638
2035-02-28 21:13:18+00:00,654
2035-02-28 21:13:18.001000+00:00,654
2035-02-28 21:13:19+00:00,668
2035-02-28 21:13:32+00:00,552
2035-02-28 21:13:33.002000+00:00,564
2035-02-28 21:13:35.001000+00:00,572
2035-02-28 21:13:35.002000+00:00,560
2035-02-28 21:13:36.001000+00:00,550
2035-02-28 21:13:36.002000+00:00,550
2035-02-28 21:13:37+00:00,554
2035-02-28 21:13:37.001000+00:00,580
2035-02-28 21:13:38+00:00,576
2035-02-28 21:13:38.001000+00:00,588
2035-02-28 21:13:39+00:00,582
2035-02-28 21:13:40.001000+00:00,566
2035-02-28 21:13:40.002000+00:00,604
2035-02-28 21:13:41.001000+00:00,594
2035-02-28 21:13:42+00:00,1194
2035-02-28 21:13:43+00:00,584
2035-02-28 21:13:43.001000+00:00,620
2035-02-28 21:13:44.002000+00:00,576
2035-02-28 21:13:46+00:00,612
2035-02-28 21:13:48+00:00,630
2035-02-28 21:13:49+00:00,616
2035-02-28 21:13:49.001000+00:00,596
2035-02-28 21:13:50+00:00,614
2035-02-28 21:13:50.001000+00:00,638
2035-02-28 21:13:56+00:00,666
2035-02-28 21:13:58+00:00,632
2035-02-28 21:13:58.001000+00:00,590
2035-02-28 21:13:59+00:00,598
2035-02-28 21:14:00.001000+00:00,684
2035-02-28 21:14:00.002000+00:00,644
2035-02-28 21:14:04+00:00,636
2035-02-28 21:14:04.001000+00:00,596
2035-02-28 21:14:06+00:00,638
2035-02-28 21:14:07+00:00,614
2035-02-28 21:14:07.001000+00:00,634
2035-02-28 21:14:08+00:00,620
2035-02-28 21:14:08.001000+00:00,636
2035-02-28 21:14:09+00:00,612
2035-02-28 21:14:10.001000+00:00,656
2035-02-28 21:14:17+00:00,550
2035-02-28 21:14:18+00:00,556
2035-02-28 21:14:20+00:00,556
2035-02-28 21:14:20.001000+00:00,710
2035-02-28 21:14:21+00:00,858
2035-02-28 21:14:33+00:00,688
2035-02-28 21:14:49+00:00,558
2035-02-28 21:14:49.001000+00:00,748
2035-02-28 21:14:52.001000+00:00,664
2035-02-28 21:14:53+00:00,526
2035-02-28 21:14:53.001000+00:00,764
2035-02-28 21:14:54+00:00,510
2035-02-28 21:14:55+00:00,722
2035-02-28 21:14:55.001000+00:00,660
2035-02-28 21:14:56.002000+00:00,608
2035-02-28 21:14:56.003000+00:00,608
2035-02-28 21:14:57+00:00,610
2035-02-28 21:14:58+00:00,678
2035-02-28 21:14:58.001000+00:00,630
2035-02-28 21:15:09.001000+00:00,1418
2035-02-28 21:15:25+00:00,1066
2035-02-28 21:15:27+00:00,1214
2035-02-28 21:15:38+00:00,1232
2035-02-28 21:15:40.001000+00:00,1054
2035-02-28 21:16:08+00:00,1146
2035-02-28 21:16:09+00:00,1522
2035-02-28 21:16:19+00:00,708
2035-02-28 21:16:21+00:00,1128
2035-02-28 21:16:22.001000+00:00,1504
2035-02-28 21:16:23+00:00,938
2035-02-28 21:16:33+00:00,1098
2035-02-28 21:16:33.001000+00:00,734
2035-02-28 21:16:34+00:00,634
2035-02-28 21:16:34.001000+00:00,588
2035-02-28 21:16:36+00:00,706
2035-02-28 21:16:37+00:00,980
2035-02-28 21:16:38+00:00,652
2035-02-28 21:16:42+00:00,644
2035-02-28 21:16:42.001000+00:00,640
2035-02-28 21:16:43+00:00,658
2035-02-28 21:16:43.001000+00:00,532
2035-02-28 21:16:44+00:00,720
2035-02-28 21:16:45+00:00,630
2035-02-28 21:16:45.001000+00:00,594
2035-02-28 21:16:46+00:00,650
2035-02-28 21:16:47+00:00,676
2035-02-28 21:16:47.001000+00:00,678
2035-02-28 21:16:49.001000+00:00,1384
2035-02-28 21:16:49.002000+00:00,622
2035-02-28 21:16:50.001000+00:00,738
2035-02-28 21:16:52+00:00,576
2035-02-28 21:16:54.001000+00:00,712
2035-02-28 21:16:55.001000+00:00,662
2035-02-28 21:16:55.002000+00:00,576
2035-02-28 21:17:15+00:00,674
2035-02-28 21:17:48+00:00,1454
2035-02-28 21:17:49+00:00,606
2035-02-28 21:17:51+00:00,636
2035-02-28 21:17:54+00:00,502
2035-02-28 21:18:04+00:00,1146
2035-02-28 21:18:05.002000+00:00,1506
2035-02-28 21:18:06.002000+00:00,508
2035-02-28 21:18:10+00:00,968
2035-02-28 21:18:25.003000+00:00,526
2035-02-28 21:18:30+00:00,1594
2035-02-28 21:18:30.001000+00:00,534
2035-02-28 21:18:32+00:00,536
2035-02-28 21:18:32.001000+00:00,530
2035-02-28 21:18:36+00:00,536
2035-02-28 21:18:45+00:00,534
2035-02-28 21:18:54+00:00,502
2035-02-28 21:18:55+00:00,1100
2035-02-28 21:19:05+00:00,724
2035-02-28 21:19:06+00:00,816
2035-02-28 21:19:27+00:00,712
2035-02-28 21:19:32+00:00,518
2035-02-28 21:19:34+00:00,1292
